1,245.59,244.18
2,460.35,457.7
3,540.69,537.57
4,387.5,385.27
5,282,280.38
6,219.46,218.2
7,217.63,216.38
8,296.14,294.43
9,181.71,225.69
10,276.76,369.79
11,184.7,246.79
12,156.49,209.09
13,341.86,456.78
14,342.64,457.81
15,163.16,218
16,197.8,264.28
17,243.5,325.35
18,176.35,235.63
19,174.01,232.49
20,967.76,1293.1
21,359.16,479.88
22,616.25,823.4
23,715.19,955.59
24,552.58,738.32
25,346.89,463.49
26,2976,1902.4
27,1531.8,975.3
28,1410.1,897.85
29,1116.3,710.74
30,1536.5,978.32
31,1702,1083.7
32,2144,1365.1
33,1122.6,714.8
34,1011.6,685.56
35,168.27,167.3
36,351.42,349.39
37,301.81,300.07
38,323.3,321.44
39,188.05,186.97
40,145.13,144.29
41,143.08,142.25
42,180.07,264.18
43,182.86,320.52
44,202.57,355.07
45,246.87,432.72
46,171.6,300.78
47,532.47,933.32
48,287.11,503.25
49,144.56,253.39
50,195.7,343.02
51,141.69,153.97
52,71.274,70.863
53,266.57,265.03
54,915.44,910.17
55,204.7,203.52
56,298.5,296.78
57,223.54,222.25
58,279.44,277.83
59,135.54,339.93
60,349.63,976.49
61,277.66,775.48
62,535.91,1496.8
63,2048.3,5720.9
64,616.31,1721.3
65,850.19,2374.5
66,849.38,2372.3
67,276.29,713.98
68,363.41,361.32
69,261.87,260.36
70,549.28,546.11
71,255.53,254.06
72,118.37,117.69
73,131.25,130.5
74,214.15,212.92
75,119.95,119.25
76,126.62,125.89
77,295.66,293.95
78,450.09,447.5
79,1201.6,1194.6
80,361.29,359.21
81,337.27,335.32
82,189.16,188.07
83,303.79,302.04
84,1912.4,1162.7
85,2490.6,634.97
86,14283,3641.3
87,8947.9,2281.2
88,6419.3,1636.6
89,10548,2689
90,2085.8,531.77
91,4347.1,1108.3
92,3681.6,951.97
93,276.83,275.24
94,211.06,209.84
95,644.75,641.03
96,263.88,262.36
97,231.86,230.53
98,515.94,512.97
99,197,195.86
100,152.5,151.62
101,116.24,115.57
102,225.85,224.55
103,249.53,248.09
104,944.26,938.82
105,446,443.43
106,423.74,421.3
107,515.09,512.12
108,282.96,281.33
109,302.28,300.54
110,953.96,948.46
111,299.75,298.02
112,325.96,324.08
113,172.55,171.56
114,151,150.13
115,274.57,272.99
116,236.42,235.06
117,545.72,436.38
118,2383.4,1213.1
119,2070.9,1054.1
120,1243.9,633.11
121,992.47,505.15
122,2195.4,1117.4
123,2645.4,1346.5
124,1463.5,744.88
125,1431.2,728.43
126,992.61,505.06
127,844.94,429.9
128,1363.8,693.88
129,1714,872.08
130,2841.7,1445.9
131,902.94,459.41
132,804.75,409.46
133,1886,959.6
134,1101,549.51
135,483.59,180.36
136,306.65,114.37
137,207.82,77.51
138,460.42,171.72
139,194.07,72.382
140,184.14,68.676
141,436,162.61
142,972.36,390.79
143,793.76,1009.7
144,421.3,535.89
145,422.97,538.02
146,301.79,383.87
147,731.1,929.96
148,344.71,438.47
149,446.56,568.03
150,450.96,573.62
151,598.77,636.47
152,524.61,521.59
153,950.54,945.06
154,720.16,716.01
155,1918.6,1907.6
156,2890.2,2873.5
157,3241.9,3223.2
158,3081.9,3064.1
159,4294.4,3006.3
160,6591.9,3354
161,14913,7587.8
162,12969,6598.5
163,19705,10026
164,8754.6,4454.4
165,0,0
166,0,0
167,0,0
168,4609,5862.6
169,4767.4,6064.1
170,2957.4,3761.8
171,773.29,983.62
172,0,0
173,0,0
174,0,0
175,0,0
176,16429,1936.7
177,25914,3054.8
178,14350,1691.6
179,15375,1812.5
180,0,0
181,0,0
182,0,0
183,0,0
184,1488,1892.8
185,5528.8,7032.6
186,5335.9,6787.2
187,754.4,959.6
188,0,0
189,0,0
190,0,0
191,0,0
192,0,0
193,2384.4,1511.1
194,2283.3,1447.1
195,1869.4,1184.8
196,2230.4,1413.5
197,2446.8,1550.7
198,1929,1222.5
199,4594.1,2911.5
200,3511.8,2225.6
201,2104.9,2055.1
202,300.64,1020.4
203,469.05,1592
204,433.38,1471
205,370.59,1257.8
206,785.41,2665.8
207,485.22,1646.9
208,578.7,1964.2
209,936.83,1462.4
210,2594,1319.8
211,3061.4,1557.6
212,2363,1202.3
213,2710,1378.8
214,2678.9,1363
215,3752.9,1909.5
216,3533.6,1797.9
217,2852.4,1451.3
218,2483.6,1520.6
219,2089.7,1324.4
220,5974.8,3786.6
221,2551.9,1617.3
222,3277.9,2077.4
223,5023,3183.4
224,2429.4,1539.7
225,3337.1,2114.9
226,3463.8,1962.5
227,3792.1,1929.4
228,2557.9,1301.4
229,1931.1,982.56
230,1496.1,761.23
231,1953.1,993.75
232,1810.7,921.28
233,3632.2,1848.1
234,2396.6,1219.4
235,2306.3,1173.4
236,1736.8,883.66
237,1271.1,646.72
238,2621.3,1333.7
239,2888.9,1469.9
240,1629.6,829.12
241,1797.3,914.47
242,1206,613.61
243,1203.9,1123.8
244,2970.9,3023.2
245,2120.6,2157.9
246,3560.1,3622.8
247,1810.3,1842.2
248,1863.4,1896.2
249,1722.1,1752.4
250,1556,1583.4
251,964.81,817.4
252,717.09,213.93
253,961.19,286.76
254,2038.1,608.03
255,1272.7,379.7
256,1487.6,443.81
257,1107.3,330.34
258,2196.7,655.35
259,2295.7,673.8
260,2342.8,406.66
261,706.54,122.64
262,3173.3,550.82
263,1897.4,329.34
264,2153.4,373.79
265,2183.1,378.94
266,3168.1,549.91
267,2699.6,468.6
268,1487.1,188.6
269,1818.5,201.86
270,2157.2,239.44
271,1545.6,171.56
272,1722.2,191.17
273,1595.4,177.08
274,2069,229.66
275,1281.7,142.27
276,915.77,143.89
277,1867,670.22
278,2411.8,865.81
279,1285.3,461.39
280,1547,555.36
281,1780.4,639.13
282,1597.7,573.54
283,3803.8,1365.5
284,3762.4,1646.8
285,6494.6,7520.9
286,7697.3,8913.6
287,4386.3,5079.4
288,4921.7,5699.4
289,4739.1,5488
290,4498.9,5209.8
291,6452.2,7471.8
292,5695.4,6595.4
293,3908,4525.5
294,5182.5,6001.4
295,5884.7,6814.6
296,5171,5988
297,5685.5,6583.8
298,5841.8,6764.9
299,5626.2,6515.2
300,4921.3,5698.9
301,2990.9,3423.7
302,1065.4,1059.2
303,1269.6,1262.3
304,1059.7,1053.6
305,875.56,870.52
306,1041.7,1035.7
307,927.64,922.3
308,926.63,921.29
309,944.59,939.15
310,5224.4,6044.6
311,4056.2,4697.2
312,5354.8,6200.9
313,5675.4,6572.2
314,4725,5471.6
315,4560.6,5281.2
316,4582.8,5306.9
317,4457.1,5161.4
318,5273,6106.1
319,8190,9484.1
320,3634.2,4208.5
321,3452.9,3998.5
322,4763.5,5516.1
323,4858.2,5625.9
324,4746.3,5496.2
325,4438.4,5139.8
326,4923.6,5701.6
327,3786.3,4384.5
328,7599.3,8800.1
329,4693.8,5435.5
330,5665.6,6560.8
331,4988.5,5776.7
332,5693.4,6593
333,5129.7,5940.2
334,4827,5589.7
335,4391.8,5085.7
336,5576.8,6457.9
337,5462.9,6326.1
338,5593.4,6477.2
339,4689.2,5430.2
340,5152.6,5966.7
341,1507.7,1745.9
342,1925.3,2229.5
343,2150.5,2298.7
344,2709.3,2757
345,1495.8,1522.1
346,2222.8,2261.9
347,2284.9,2325.1
348,3386.6,3446.2
349,1585.9,1613.8
350,2078.9,2115.5
351,1094.9,1102.2
352,204.67,130.21
353,237.16,150.88
354,134.26,85.419
355,294.3,187.23
356,105.55,67.154
357,89.69,57.061
358,134.89,85.816
359,98.762,62.833
360,89.578,109.03
361,277.62,353.25
362,140.4,178.64
363,396.17,504.09
364,192.58,245.03
365,138.48,176.2
366,184.07,234.21
367,300.12,381.88
368,1561.9,810.24
369,529.91,269.71
370,1677.2,853.67
371,856.58,435.98
372,732.31,372.73
373,688.85,350.61
374,869.38,442.5
375,448.29,228.17
376,449.23,181.3
377,373.84,18.591
378,379.06,18.85
379,885.97,44.057
380,440.19,21.89
381,898.03,44.657
382,581.53,28.918
383,449.84,22.37
384,378.44,18.819
385,338.84,257.55
386,222.87,221.58
387,112.9,112.25
388,153.48,152.6
389,151.4,150.53
390,267.46,265.92
391,379.61,377.43
392,228.22,226.91
393,101.62,153.54
394,123.19,283.14
395,92.752,213.17
396,117.99,271.19
397,117.19,269.34
398,104.7,240.64
399,88.797,204.08
400,39.506,90.798
401,160.28,350.6
402,194.06,192.94
403,150.69,149.82
404,117.96,117.28
405,1099,1092.7
406,225.15,223.85
407,389.22,386.98
408,440.41,437.87
409,305.84,304.08
410,859.86,478.94
411,1496.5,761.42
412,1933.2,983.61
413,1878.2,955.62
414,698.81,355.56
415,1201.1,611.13
416,2529.3,1286.9
417,4768.8,2426.4
418,3434.2,2003.1
419,4374,3037.6
420,3916.9,2720.1
421,3714.2,2579.4
422,5950.6,4132.5
423,5422.7,3765.8
424,4310,2993.1
425,3149.2,2187
426,1300.8,1323.5
427,1412.9,5850.1
428,1711.8,7087.4
429,1420.3,5880.7
430,3009,12459
431,2942.2,12182
432,2513,10405
433,1835.2,7598.5
434,1994.5,8258.2
435,2678.6,4766.4
436,3226.9,2054.4
437,2313.4,1472.8
438,3031.6,1930.1
439,1930.1,1228.8
440,2505.9,1595.4
441,3088.9,1966.5
442,1624.6,1034.3
443,1083.8,851.15
444,907.84,1213
445,641.29,856.85
446,647.94,865.74
447,596.79,797.39
448,455.39,608.47
449,482.81,645.09
450,398.99,533.1
451,464.56,620.72
452,2444.8,1559.2
453,2016.9,1284.2
454,5897.8,3755.2
455,2467.8,1571.3
456,1881,1197.7
457,3627.5,2309.7
458,4492.8,2860.6
459,4889.8,3113.4
460,1695.7,1212.9
461,395.83,393.55
462,694.17,690.17
463,745.26,740.97
464,660.18,656.38
465,822.19,817.45
466,439.53,437
467,217.52,216.27
468,495.78,264.04
469,1215.9,309.32
470,1182.8,300.89
471,1925.9,489.94
472,1624.6,413.29
473,1411.8,359.17
474,2366.9,602.15
475,2417.3,614.95
476,1173.1,298.44
477,347.68,239.28
478,603.17,599.69
479,210.62,209.41
480,583.61,580.25
481,354.32,352.28
482,139.46,138.65
483,297.15,295.44
484,187.64,186.56
485,153.54,152.66
486,89.799,89.282
487,165.34,164.39
488,399.61,397.3
489,232.82,231.47
490,504.15,501.25
491,216.13,214.89
492,222.69,221.41
493,512.61,373.39
494,777.92,395.94
495,670.48,341.26
496,1510.3,768.72
497,1791.9,912.02
498,707.92,360.32
499,1670.6,850.32
500,1005.1,511.56
501,1845.1,939.12
502,441.69,410.84
503,615.24,611.7
504,258.31,256.82
505,464.9,462.22
506,357.18,355.12
507,306.96,305.2
508,374.3,372.15
509,233.5,232.16
510,2426.1,3583
511,2819.8,4207.5
512,1876.7,2800.3
513,991.56,1479.6
514,1039.6,1551.2
515,687.88,1026.4
516,1076.5,1606.3
517,761.44,1136.2
518,1331.9,1859.8
519,820.19,831.34
520,680.06,689.31
521,425.88,431.67
522,391.13,396.44
523,627.31,635.84
524,823.56,834.76
525,587.63,595.62
526,1033,1047
527,678.71,241.85
528,316.96,30.316
529,357.1,34.155
530,410.68,39.28
531,289.61,27.701
532,761.79,72.863
533,600.55,57.441
534,552.16,52.812
535,1526.4,244.34
536,169.01,114.34
537,211.98,143.41
538,197.39,133.54
539,89.54,60.577
540,133.19,90.107
541,229.39,155.19
542,70.965,48.01
543,283.02,118.58
544,1774.8,203.72
545,1603.1,184
546,1281.1,147.04
547,1203.7,138.16
548,941.81,108.1
549,1824.7,209.45
550,1635.2,187.69
551,717.95,82.408
552,830.42,221.01
553,701.42,357.01
554,1068.7,543.96
555,704.99,358.83
556,691.17,351.79
557,779.46,396.73
558,526.7,268.08
559,555.85,282.92
560,325.02,158.93
561,103.73,38.685
562,217.2,81.007
563,242.59,90.475
564,241.65,90.126
565,170.69,63.66
566,153.67,57.315
567,118.5,44.196
568,133.85,55.785
569,57.325,99.824
570,47.541,82.786
571,85.929,149.63
572,123.09,214.35
573,68.572,119.41
574,332.71,579.37
575,231.96,403.92
576,271.63,473.01
577,1011.3,562.28
578,1225.7,623.84
579,1127.3,573.78
580,530.28,269.9
581,863.28,439.39
582,594.67,302.67
583,958.69,487.95
584,919.1,467.8
585,845.61,521.57
586,160.87,379.51
587,130.37,307.56
588,128.55,303.26
589,165.48,390.39
590,163.62,386
591,163.39,385.45
592,169.88,400.77
593,58.275,136.63
594,263.93,262.41
595,337.7,335.76
596,248.01,246.59
597,530.75,527.69
598,280.36,278.75
599,358.98,356.91
600,573.43,570.12
601,684.09,680.15
602,798.36,434.81
603,953,485.06
604,1639,834.2
605,1267.8,645.26
606,939.54,478.21
607,786.37,400.25
608,684.59,348.44
609,774.95,394.43
610,723.79,348.57
611,378.19,112.83
612,932.19,278.11
613,1073.4,320.23
614,1052.9,314.12
615,543.22,162.06
616,484.09,144.42
617,421.78,125.83
618,650.72,194.13
619,273.94,249.53
620,467.82,465.12
621,599.37,595.92
622,117.68,117
623,186.97,185.89
624,196.8,195.66
625,212.6,211.38
626,335.14,333.21
627,355.94,169.58
628,210.19,78.392
629,320.77,119.64
630,149.78,55.86
631,462.25,172.4
632,238.69,89.021
633,344.84,128.61
634,195.39,72.872
635,259.26,118.8
636,352.31,179.32
637,329.87,167.9
638,1208.9,615.32
639,621.99,316.58
640,650.44,331.06
641,856.25,435.81
642,712.76,362.78
643,1893.9,963.97
644,270.76,137.77
645,148.44,75.525
646,461.59,234.86
647,677.72,344.82
648,810.72,412.49
649,400.38,203.71
650,734.69,373.81
651,259.25,131.91
652,270.59,140.58
653,46.766,28.383
654,71.302,43.274
655,244.03,148.11
656,126.58,76.822
657,141.74,86.025
658,87.978,53.395
659,129.2,78.415
660,100.18,73.917
661,752.48,748.14
662,288.3,286.64
663,195.14,194.02
664,355.34,353.29
665,411.38,409.01
666,205.45,204.27
667,412.62,410.24
668,422.74,420.3
669,188.49,187.4
670,312.93,311.13
671,236.16,234.8
672,172.98,171.98
673,229.93,228.6
674,274.35,272.77
675,156.26,155.36
676,219.18,217.92
677,282.29,146.98
678,437.75,62.728
679,645.28,92.466
680,680.72,97.544
681,251.84,36.088
682,974.34,139.62
683,520.34,74.563
684,375.31,53.781
685,603.06,86.369
686,309.4,43.586
687,590.65,83.208
688,625,88.047
689,374.58,52.768
690,409.54,57.695
691,186.52,26.276
692,163.08,22.973
693,250.78,35.328
694,232.03,206.4
695,183.07,182.01
696,261.2,259.69
697,392.92,390.66
698,353.92,351.88
699,223.63,222.34
700,95.563,95.013
701,146.84,146
702,279.67,209.54
703,240.13,122.18
704,285.09,145.06
705,213.59,108.68
706,452.16,230.06
707,225.28,114.62
708,349.78,177.97
709,355.25,180.75
710,781.91,411.54
711,252.62,251.17
712,123.84,123.12
713,213.7,212.47
714,279.27,277.66
715,183.05,182
716,412.2,409.82
717,215.37,214.13
718,619.96,616.39
719,489.59,496.87
720,962.96,980.69
721,599.31,610.34
722,772.99,787.22
723,854.91,870.64
724,627.47,639.02
725,1090.1,1110.1
726,490.9,499.94
727,1099.4,1119.6
728,1047.9,1067.1
729,690.1,702.8
730,893.32,909.76
731,407.34,414.83
732,778.36,792.69
733,537.86,547.76
734,840.09,855.55
735,438.88,499.96
736,79.065,262.2
737,314.12,1041.7
738,306.65,1016.9
739,343.62,1139.5
740,154.05,510.88
741,317.1,1051.6
742,193.23,640.79
743,416.88,1382.5
744,402.15,478.61
745,581.36,578.01
746,570.13,566.85
747,173.27,172.27
748,254,252.53
749,80.271,79.809
750,123.87,123.15
751,262.85,261.34
752,153.14,152.26
753,100.06,99.485
754,106.62,106.01
755,152.09,151.22
756,135.85,135.06
757,206.25,205.06
758,283.17,281.54
759,237.3,235.93
760,149.01,148.16
761,175.4,328.06
762,132.86,251.69
763,166,314.47
764,142.3,269.57
765,272.6,516.41
766,160.62,304.29
767,84.275,159.65
768,220.74,418.17
769,434.84,575.12
770,827.47,842.7
771,416.98,424.66
772,228.71,232.92
773,169.61,172.73
774,430.03,437.94
775,331.14,337.24
776,616.63,627.98
777,371.92,422.22
778,486.62,1651.7
779,249.43,846.61
780,136.54,463.45
781,91.404,310.24
782,117.77,399.73
783,96.641,328.02
784,173.88,590.18
785,194.98,661.79
786,185.55,143.69
787,183.84,94.422
788,328.75,168.85
789,230.41,118.34
790,437.31,224.6
791,739.44,379.78
792,547.03,280.96
793,544.53,279.67
794,737.4,298.47
795,435.48,137.89
796,604.48,191.4
797,343.72,108.83
798,494.1,156.45
799,3399.1,1076.3
800,1160.3,367.38
801,549.07,173.85
802,944.47,333.82
803,1706.9,1081.8
804,594.63,376.85
805,1415.8,897.25
806,1141.1,723.2
807,528.38,334.86
808,1209.4,766.49
809,721.44,457.22
810,650.75,412.42
811,180.91,96.826
812,193.45,96.23
813,180.64,89.856
814,83.613,41.592
815,99.05,49.271
816,138.36,68.827
817,124.61,61.987
818,260.62,129.65
819,573.09,284.94
820,981,487.67
821,559.75,278.26
822,209.63,104.21
823,620.06,308.25
824,859.5,427.27
825,397.13,197.42
826,335.5,166.78
827,648.19,311.48
828,1212.4,462.93
829,1459.6,557.34
830,1826.3,697.34
831,1042.1,397.93
832,2374.8,906.77
833,697.25,266.24
834,577.13,220.37
835,913.13,348.67
836,716.75,237.6
837,215.28,64.226
838,420.03,125.31
839,381.63,113.85
840,744.91,222.23
841,332.53,99.206
842,303.91,90.666
843,477.19,142.36
844,627.86,191.86
845,117.98,44
846,98.488,36.732
847,214.1,79.851
848,152.82,56.998
849,102.84,38.354
850,108.78,40.569
851,90.438,33.73
852,76.267,29.934
853,68.384,44.262
854,81.724,52.896
855,47.46,30.718
856,108.27,70.074
857,131.21,84.928
858,24.942,16.144
859,137.12,88.754
860,40.987,26.529
861,302.97,297.17
862,716.68,712.55
863,216.62,215.37
864,339.49,337.53
865,200.92,199.76
866,306.32,304.56
867,365.02,362.92
868,373.82,371.66
869,365.2,367.58
870,459.97,468.43
871,590.16,601.03
872,435.88,443.9
873,396.64,403.94
874,284.06,289.29
875,150.79,153.57
876,140.14,142.72
877,189.1,179.42
878,745.94,379.53
879,736.5,374.73
880,419.69,213.54
881,310.63,158.05
882,626.13,318.57
883,489.38,248.99
884,890.5,453.09
885,1814.3,923.12
886,823,257.55
887,474.94,56.704
888,1070.1,127.76
889,648.22,77.392
890,745.38,88.992
891,808.09,96.48
892,402.91,48.104
893,774.19,92.432
894,541.01,211.77
895,141.89,176.39
896,270.48,336.24
897,136.14,169.24
898,61.143,76.008
899,101.16,125.75
900,90.34,112.3
901,94.72,117.75
902,119.94,149.1
903,324.22,406.8
904,584.78,733.76
905,294.52,369.56
906,136.99,171.89
907,190.26,238.74
908,730.42,916.49
909,84.584,106.13
910,376.03,471.82
911,495.09,318.31
912,357.5,181.9
913,630.56,320.83
914,987.56,502.47
915,1961.3,997.92
916,616.44,313.64
917,639,325.12
918,240.94,122.59
919,719.71,772.2
920,273.58,928.59
921,242.09,821.68
922,162.96,553.13
923,138.16,468.92
924,124.91,423.96
925,117.13,397.56
926,124.33,421.99
927,68.066,231.03
928,54.272,33.757
929,110.48,43.975
930,74.539,29.67
931,48.441,19.282
932,73.208,29.14
933,54.501,21.694
934,170.8,67.987
935,29.366,11.689
936,587.25,553.53
937,225.88,224.58
938,123.79,123.08
939,252.4,250.95
940,422.13,419.7
941,356.29,354.24
942,176.8,175.78
943,359.06,356.99
944,462.19,1151.9
945,358.98,1420.8
946,326.02,1290.3
947,501.89,1986.3
948,481.17,1904.3
949,344.06,1361.7
950,219.22,867.61
951,132.24,523.38
952,133.65,528.96
953,59.472,66.656
954,51.773,14.672
955,52.954,15.006
956,49.796,14.111
957,58.003,16.437
958,60.158,17.048
959,58.219,16.498
960,112.18,31.791
961,760.17,359.68
962,915.19,454.96
963,352.56,175.27
964,725.75,360.78
965,275.38,136.89
966,217.75,108.25
967,350.38,174.18
968,629.13,312.75
969,259.88,127.83
970,45.721,15.767
971,129.92,44.804
972,43.266,14.921
973,83.909,28.937
974,132.11,45.56
975,37.635,12.979
976,75.514,26.042
977,126.45,43.609
978,115.5,323.18
979,82.728,274.35
980,51.529,170.88
981,59.568,197.54
982,168.15,557.61
983,138.58,459.56
984,126.3,418.85
985,74.446,246.88
986,202.53,339.1
987,140.16,139.35
988,153.39,152.5
989,108.23,107.61
990,381.94,379.74
991,163.21,162.27
992,137.39,136.6
993,237.36,235.99
994,176.08,139.6
995,609.94,155.17
996,358.94,91.314
997,408.63,103.95
998,721.88,183.64
999,811.88,206.54
1000,659.19,167.7
1001,441.31,112.27
1002,307,78.101
1003,798.51,768.92
1004,301.45,349.08
1005,349.77,405.03
1006,2271.9,2630.8
1007,1687.3,1953.9
1008,620.56,718.62
1009,945.52,1094.9
1010,1424.9,1650.1
1011,876.26,1028.2
1012,431.88,577.05
1013,308.5,412.2
1014,358.18,478.58
1015,332.79,444.65
1016,311.88,416.71
1017,215.79,288.32
1018,356.23,475.97
1019,689.52,911.72
1020,543.56,276.56
1021,514.41,261.73
1022,855.06,435.06
1023,984.63,500.98
1024,687.44,349.77
1025,691.63,351.9
1026,385.88,196.33
1027,313.94,159.73
1028,307.91,115.42
1029,990.13,295.39
1030,608.66,181.58
1031,670.75,200.11
1032,1586.2,473.23
1033,732.25,218.46
1034,1378.6,411.27
1035,365.63,109.08
1036,484.79,183.95
1037,161.76,125.44
1038,107.18,83.111
1039,269.61,209.07
1040,201.29,156.09
1041,106.47,82.559
1042,112.77,87.447
1043,54.22,42.045
1044,57.788,44.818
1045,462.26,459.59
1046,231.47,230.14
1047,416.6,414.2
1048,151.12,150.25
1049,224.35,223.06
1050,341.44,339.47
1051,459.29,456.64
1052,291.25,289.57
1053,260.57,200.96
1054,344.22,233.73
1055,276.56,187.8
1056,318.84,216.5
1057,447.47,303.85
1058,1343.5,912.31
1059,483.9,328.58
1060,244.03,165.7
1061,387.43,398.64
1062,853.63,1087
1063,671.88,855.59
1064,1020.7,1299.8
1065,1080.7,1376.2
1066,531.13,676.36
1067,629.94,802.19
1068,585.56,745.68
1069,1308.9,1666.9
1070,832.46,951.35
1071,890.68,1006.2
1072,561.02,633.81
1073,457.33,516.67
1074,246.29,278.25
1075,614.91,694.69
1076,1122.5,1268.1
1077,450.32,508.75
1078,183.8,115.81
1079,460.11,171.6
1080,174.57,65.109
1081,338.46,126.23
1082,574.77,214.37
1083,134.1,50.014
1084,146.08,54.48
1085,187.37,69.883
1086,170.66,63.65
1087,0,0
1088,0,0
1089,0,0
1090,0,0
1091,0,0
1092,0,0
1093,0,0
1094,0,0
1095,172.57,171.58
1096,181.36,180.32
1097,151.9,151.03
1098,135.55,134.77
1099,153.89,153
1100,134.69,133.92
1101,141.88,141.06
1102,125.58,124.86
1103,198.09,196.95
1104,86.8,86.3
1105,223.91,222.62
1106,205.37,204.19
1107,94.61,94.065
1108,158.43,157.52
1109,145.86,145.02
1110,114.71,114.05
1111,250.85,310.68
1112,1301.1,1987.3
1113,1346.9,2057.2
1114,827.31,1263.6
1115,757.38,1156.8
1116,846.13,1292.3
1117,1668.3,2548
1118,1589.3,2427.4
1119,1236.1,1887.9
1120,1618.5,287.5
1121,1075,26.729
1122,1646.8,40.946
1123,1863.3,46.329
1124,980.5,24.379
1125,411.94,10.242
1126,1566,38.937
1127,1475.3,36.681
1128,3123.4,444.63
1129,2587.8,658.34
1130,1074.6,273.37
1131,1137.3,289.32
1132,1388.1,353.12
1133,1721.7,438
1134,1383.6,351.99
1135,1179.9,300.16
1136,1403,350.92
1137,2525.1,522.55
1138,1898.3,392.84
1139,2358.7,488.12
1140,1864.1,385.77
1141,2301.8,476.35
1142,2125,439.75
1143,2130.7,440.92
1144,1729.1,357.81
1145,1395.2,581.43
1146,1457.6,741.64
1147,1730.1,880.29
1148,2171.1,1104.7
1149,1318.3,670.73
1150,3878.9,1973.6
1151,2234.8,1137
1152,1867.4,950.12
1153,1852.9,687.31
1154,2406.3,239.4
1155,2015,200.47
1156,1269.1,126.26
1157,2282,227.03
1158,1677.3,166.87
1159,1692.8,168.41
1160,1923.6,191.38
1161,1853.5,317.33
1162,1954.3,790.17
1163,1705.5,689.57
1164,1822.3,736.8
1165,2515.9,1017.2
1166,1880.9,760.5
1167,1791.6,724.39
1168,1094.6,442.58
1169,1945.6,786.63
1170,2418.8,893.15
1171,1051.9,360.16
1172,1454.6,498.06
1173,1250.3,428.1
1174,944.88,323.53
1175,768.75,263.22
1176,1100.9,376.94
1177,1125.2,385.27
1178,831.72,372.29
1179,671.25,667.39
1180,592.29,588.88
1181,875.55,870.5
1182,568.35,565.07
1183,552.54,549.36
1184,432.97,430.48
1185,507.24,504.32
1186,416.13,413.17
1187,231.19,86.525
1188,85.209,31.891
1189,93.502,34.995
1190,84.95,31.794
1191,155.55,58.216
1192,185.69,69.499
1193,191.55,71.69
1194,115.52,43.234
1195,219.36,298.88
1196,246.73,464.82
1197,434.74,819.01
1198,305.09,574.75
1199,367.26,691.87
1200,350.85,660.96
1201,398.13,750.03
1202,196.03,369.29
1203,732.54,954.17
1204,810.68,825.6
1205,1158,1179.4
1206,461.94,470.44
1207,645.24,657.12
1208,409.21,416.74
1209,719.19,732.43
1210,572.72,583.26
1211,828.17,843.41
1212,135.12,134.45
1213,1052.2,1046.1
1214,631.63,627.99
1215,522.32,519.31
1216,164.68,163.73
1217,281.86,280.24
1218,307.53,305.75
1219,385.31,383.09
1220,158.76,125.81
1221,139.21,51.921
1222,598.15,223.09
1223,197.54,73.674
1224,215.45,80.354
1225,120.9,45.091
1226,306.01,114.13
1227,187.07,69.771
1228,155.06,63.961
1229,128.42,145.1
1230,124.5,140.68
1231,279.69,316.02
1232,162.76,183.91
1233,211.07,238.49
1234,163.44,184.68
1235,186.71,210.97
1236,277.15,313.15
1237,311.87,161.78
1238,1019,518.45
1239,1013.1,515.45
1240,324.84,165.28
1241,308.59,157.01
1242,211.81,107.77
1243,605.56,308.11
1244,283.91,144.45
1245,798.82,166.48
1246,715.62,124.22
1247,976.45,169.49
1248,1131.5,196.4
1249,854.73,148.36
1250,982.7,170.58
1251,981.67,170.4
1252,606.75,105.32
1253,457.72,97.985
1254,201.62,200.46
1255,117.07,116.4
1256,221.93,220.65
1257,199.3,198.15
1258,98.515,97.948
1259,97.156,96.597
1260,148.78,147.92
1261,103.75,103.15
1262,138.46,137.66
1263,147.94,147.08
1264,315.31,313.49
1265,868.44,863.44
1266,743.31,739.03
1267,359.56,357.49
1268,220.29,219.02
1269,435.55,433.04
1270,281.99,742.73
1271,132.86,957.73
1272,71.046,512.15
1273,152.47,1099.1
1274,172.58,1244.1
1275,113.32,816.89
1276,113.89,820.99
1277,110.44,796.13
1278,92.274,588.59
1279,198.47,197.32
1280,519.83,516.84
1281,1315,1307.5
1282,1055.1,1049
1283,731.45,727.24
1284,803.38,798.75
1285,539.2,536.1
1286,814.55,809.86
1287,2555.2,650.69
1288,2442.4,298.22
1289,3123.8,381.43
1290,1920.9,234.55
1291,1806.2,220.55
1292,1986.9,242.6
1293,1013.1,123.7
1294,3409,416.25
1295,1446.8,363.55
1296,183.74,182.84
1297,277.87,276.5
1298,228.61,227.49
1299,123.15,122.54
1300,59.306,59.015
1301,369.18,367.36
1302,235.83,234.67
1303,534.53,462.98
1304,2601.7,1941.1
1305,2268.1,1692.2
1306,2806.3,2093.7
1307,3207.9,2393.4
1308,2589.2,1931.7
1309,1843.8,1375.6
1310,2533.4,1890.1
1311,2442.6,1822.3
1312,3349.6,1815.1
1313,1852.6,942.58
1314,1336.7,680.11
1315,2079.9,1058.3
1316,2718.4,1383.1
1317,3261.8,1659.6
1318,2592.7,1319.2
1319,1493.4,759.86
1320,1679.6,854.56
1321,2207.8,1123.3
1322,3018.9,1536
1323,1897.2,965.29
1324,5081.1,2585.3
1325,3481.3,1771.3
1326,1591.1,809.53
1327,7667.3,3901.1
1328,2066.6,1051.5
1329,3038.5,1546
1330,7960.8,4050.4
1331,2888.1,1469.4
1332,6419.3,3266.1
1333,9249.6,4706.2
1334,3327.2,1692.9
1335,1781.9,906.62
1336,1538.3,782.69
1337,2006.7,1021
1338,2236.8,1138.1
1339,1618.3,823.37
1340,3497.6,1779.6
1341,2451.3,1247.2
1342,21764,11073
1343,32538,16555
1344,0,0
1345,2046,2602.6
1346,6816,8669.9
1347,4245.1,5399.8
1348,0,0
1349,0,0
1350,0,0
1351,0,0
1352,0,0
1353,0,0
1354,6438.6,8189.9
1355,6668.5,8482.3
1356,0,0
1357,0,0
1358,0,0
1359,0,0
1360,0,0
1361,0,0
1362,977.03,1242.8
1363,1580.8,2010.8
1364,2032.8,2585.7
1365,2437.8,3100.9
1366,890.61,1132.9
1367,327.02,415.98
1368,411.04,522.84
1369,319.51,406.42
1370,305.03,358.34
1371,467.8,465.11
1372,1049.8,1043.7
1373,600.51,597.05
1374,1199.1,1192.1
1375,525.96,522.93
1376,340.28,338.32
1377,291.67,289.99
1378,180.11,179.08
1379,483.8,957.49
1380,666.47,1380.6
1381,526.33,1090.3
1382,544.98,1128.9
1383,1246.8,2582.7
1384,502.12,1040.1
1385,422.1,874.38
1386,805.86,1669.3
1387,739.57,1447.1
1388,1579.1,3069.8
1389,1144.1,2224.2
1390,811.38,1577.3
1391,526.81,1024.1
1392,901.81,1753.1
1393,1103.7,2145.6
1394,1408.3,2737.8
1395,816.25,1624.5
1396,0,2066.5
1397,0,4784.6
1398,0,828.82
1399,0,783.84
1400,0,1518.7
1401,0,230.5
1402,0,1064.7
1403,0,2088.3
1404,319.3,382.17
1405,194.58,113.93
1406,583.47,341.65
1407,360.88,211.31
1408,162.51,95.16
1409,496.59,290.78
1410,267.19,156.45
1411,82.616,48.376
1412,2321.6,1723.2
1413,2477.6,1848.5
1414,1622.8,1210.7
1415,4447.8,3318.4
1416,9313.8,6948.8
1417,2187,1631.7
1418,1737.9,1296.6
1419,5042.8,3762.3
1420,3772.1,2836.1
1421,191.25,243.27
1422,885.48,1126.3
1423,697.54,887.27
1424,392.47,499.23
1425,666.14,847.33
1426,640.28,814.43
1427,326.15,414.86
1428,631.99,803.89
1429,685.26,871.65
1430,347.9,442.53
1431,541.39,688.64
1432,779.5,991.52
1433,709.65,902.67
1434,659.65,839.07
1435,1009,1283.4
1436,535.1,680.65
1437,638.41,812.06
1438,968.49,1231.9
1439,498.77,634.44
1440,546.96,695.74
1441,971.94,1236.3
1442,491.87,625.66
1443,1425.1,1812.7
1444,1426.3,1814.3
1445,1343.2,1425.3
1446,6388.4,3250.4
1447,10184,5181.7
1448,6633.1,3374.9
1449,5347,2720.6
1450,5162.1,2626.5
1451,6648.1,3382.6
1452,4879.2,2482.5
1453,7184.9,3655.7
1454,3313.3,2755.8
1455,2008.2,2045.2
1456,2535.9,2582.5
1457,2460.2,2505.5
1458,1353.5,1378.4
1459,1522.6,1550.7
1460,1993.9,2030.6
1461,1592,1621.3
1462,1018.6,1113.7
1463,982.63,1249.9
1464,1415.4,1800.4
1465,751.75,956.23
1466,575.47,732
1467,958.04,1218.6
1468,2508.2,3190.4
1469,2738.1,3482.9
1470,3420.8,4351.3
1471,915.98,1165.1
1472,1586.3,2017.8
1473,698.55,888.56
1474,568.65,723.32
1475,1497.7,1905.1
1476,634.09,806.56
1477,515.51,655.73
1478,1420.4,1806.7
1479,653.3,831
1480,603.94,768.21
1481,1881.5,2393.2
1482,634.15,806.64
1483,498.29,633.82
1484,1542.6,1962.1
1485,1042.6,1326.2
1486,897.33,1141.4
1487,792.34,1007.9
1488,1362.4,1733
1489,899.83,1144.6
1490,535.1,680.65
1491,799.19,1016.6
1492,1117.8,1421.9
1493,572.17,727.81
1494,514.99,655.06
1495,1615,2054.3
1496,632.27,388.33
1497,285.39,167.11
1498,689.19,403.56
1499,462.92,271.06
1500,232.64,136.22
1501,382.19,223.79
1502,672.6,393.84
1503,404.22,236.69
1504,684.41,729.07
1505,745.85,948.72
1506,835.35,1062.6
1507,1017.9,1294.8
1508,674.35,857.77
1509,480.02,610.59
1510,728.5,926.65
1511,501.91,638.43
1512,584.25,571.66
1513,796.9,297.21
1514,694.35,258.96
1515,1170.7,436.63
1516,809.09,301.76
1517,511.36,190.72
1518,468.46,174.72
1519,1242.2,463.28
1520,746.11,278.27
1521,1202.7,1208.4
1522,2614,2660
1523,1752.3,1783.2
1524,1126.4,1146.2
1525,1854,1886.7
1526,3054.1,3107.9
1527,1131.6,1151.5
1528,1624.1,1652.7
1529,1386.2,1317.1
1530,186.42,122.48
1531,206.72,135.81
1532,426.46,280.19
1533,130.64,85.831
1534,144.71,95.076
1535,364.58,239.53
1536,164.06,107.79
1537,170.21,158.16
1538,649.76,826.5
1539,545.99,694.5
1540,320.49,407.66
1541,558.15,709.97
1542,786.53,1000.5
1543,675.48,859.2
1544,655.9,834.3
1545,389.25,495.13
1546,397.12,505.14
1547,581.15,739.22
1548,947.68,1205.4
1549,1375.5,1749.6
1550,1128.7,1435.8
1551,884.65,1125.3
1552,753.43,958.36
1553,379.36,482.55
1554,507.15,645.09
1555,915.34,1164.3
1556,495.25,629.96
1557,448.37,570.33
1558,775.06,985.88
1559,625.63,795.79
1560,543.21,690.97
1561,496.71,631.82
1562,584.67,743.71
1563,469.72,597.49
1564,501.52,637.94
1565,356.97,454.07
1566,407.61,518.48
1567,448.69,570.73
1568,395.2,502.69
1569,375.12,477.16
1570,465.52,592.15
1571,608.18,620.42
1572,703.32,699.27
1573,690.26,686.29
1574,639.37,635.69
1575,504.99,502.08
1576,870.49,865.47
1577,1747,1736.9
1578,725.24,721.06
1579,1199.1,412.09
1580,2241.9,389.14
1581,2637.3,457.78
1582,7719.5,1339.9
1583,5501.3,954.9
1584,6157.2,1068.7
1585,3639.7,631.77
1586,6311.9,1095.6
1587,5759.6,1321.7
1588,4431.3,2202.9
1589,4687.2,2330.1
1590,4555.8,2264.8
1591,4377.9,2176.4
1592,3635.1,1807.1
1593,4138.3,2057.2
1594,4138.2,2057.2
1595,2563.2,1274.2
1596,2211.2,1598.4
1597,576.54,733.36
1598,670.73,853.16
1599,651.23,828.36
1600,446.64,568.12
1601,339.4,431.72
1602,495.86,630.74
1603,470.21,598.11
1604,410.78,468.08
1605,560.06,556.83
1606,925.52,920.18
1607,742.53,738.25
1608,552.31,549.13
1609,739.34,735.08
1610,679.45,675.54
1611,536.13,533.04
1612,558.94,563.08
1613,496.15,631.1
1614,445.67,566.9
1615,605.38,770.04
1616,661.66,841.63
1617,436.39,555.08
1618,493.09,627.21
1619,408.06,519.06
1620,374.97,476.97
1621,517.26,657.96
1622,550.56,700.32
1623,337.77,429.65
1624,528.49,672.24
1625,664.5,845.24
1626,482.06,613.18
1627,363.74,462.67
1628,593.57,755.03
1629,327.04,415.99
1630,463,588.94
1631,454.37,577.96
1632,933.03,1186.8
1633,414.37,527.08
1634,486.76,619.16
1635,493.92,628.27
1636,415.41,528.4
1637,453.95,577.42
1638,420.09,534.35
1639,727.08,924.84
1640,922.28,1173.1
1641,410.95,522.73
1642,581.85,740.11
1643,384.44,489
1644,466.5,593.39
1645,250.61,318.78
1646,472.47,601.03
1647,238.32,303.24
1648,98.975,125.94
1649,334.06,425.06
1650,206.61,262.89
1651,269.61,343.05
1652,255.72,325.38
1653,179.41,228.28
1654,283.44,220.96
1655,1381.1,351.36
1656,930.66,236.76
1657,1346.3,342.49
1658,2831.7,720.37
1659,645.38,164.18
1660,660.19,167.95
1661,1496.1,380.61
1662,1019.3,259.32
1663,694.27,1620
1664,771.57,1920.5
1665,223.83,557.14
1666,208.33,518.54
1667,459.88,1144.7
1668,247.75,616.67
1669,193.83,482.44
1670,459.75,1144.3
1671,191.93,321.52
1672,172.26,112.32
1673,267.44,174.38
1674,264.81,172.67
1675,183.57,119.69
1676,209.43,136.56
1677,206.32,134.53
1678,207.01,134.98
1679,224.09,226.83
1680,336.86,428.49
1681,338.9,431.08
1682,433.3,551.16
1683,359.56,457.36
1684,338.44,430.49
1685,335.04,426.17
1686,518.94,660.09
1687,419.19,533.21
1688,442.15,562.41
1689,359.86,457.75
1690,516.56,657.07
1691,422.32,537.2
1692,492.12,625.98
1693,458.12,582.73
1694,468.25,595.61
1695,407.65,518.53
1696,479.57,610.02
1697,426.8,542.89
1698,347.62,442.18
1699,468.11,595.44
1700,294.57,374.7
1701,540.51,687.53
1702,943.09,1199.6
1703,667.95,849.63
1704,1029.2,959.85
1705,3571.6,415.51
1706,2378.8,276.75
1707,2289.4,266.35
1708,2655.5,308.93
1709,2815.7,327.57
1710,2367.5,275.43
1711,2170.2,252.48
1712,2542.5,295.8
1713,2802.6,677.17
1714,3386.4,861.51
1715,2603.9,662.44
1716,3112.4,791.79
1717,2239.9,569.82
1718,2338.1,594.8
1719,1969.4,501.01
1720,2880.1,732.69
1721,1402.6,655.18
1722,671.7,854.4
1723,355.07,451.66
1724,488.46,621.32
1725,513.75,653.49
1726,1181.3,1502.6
1727,551.05,700.94
1728,333.45,424.15
1729,733.69,1254.4
1730,1058.8,4606.1
1731,1196.8,5206.5
1732,722.1,3141.4
1733,798.75,3474.9
1734,1134.6,4936.1
1735,841.06,3659
1736,649.69,2826.4
1737,574.31,2498.5
1738,573.35,2494.3
1739,479.99,2088.1
1740,480.4,2089.9
1741,441.55,1920.9
1742,415.55,1807.8
1743,377.91,1644.1
1744,407.89,1774.5
1745,331.91,1444
1746,299.09,1301.2
1747,380.11,1653.6
1748,399.89,1739.7
1749,308.54,1342.3
1750,559.26,2433
1751,517.96,2253.3
1752,405.95,1766
1753,502.55,2186.3
1754,636.35,2650.1
1755,361.5,459.83
1756,343.35,436.74
1757,399.7,508.42
1758,293.4,373.2
1759,523.21,665.53
1760,430.41,547.48
1761,297.92,378.96
1762,391,497.35
1763,475.49,1568.8
1764,328.17,1427.7
1765,356.05,1549
1766,496.44,2159.7
1767,324.77,1412.9
1768,381.71,1660.6
1769,471.3,2050.3
1770,392.16,1706.1
1771,320.96,992.22
1772,496.76,150.69
1773,204.4,62.004
1774,325.67,98.788
1775,521.1,158.07
1776,309.79,93.971
1777,301.35,91.413
1778,412.7,125.19
1779,231.69,78.091
1780,348.12,442.81
1781,866.5,1102.2
1782,267.29,339.99
1783,626.58,797
1784,499.39,635.22
1785,477.55,607.44
1786,277.4,352.85
1787,438.95,558.34
1788,403.11,427.53
1789,314.95,313.13
1790,660.24,656.44
1791,374.18,372.02
1792,269.13,267.58
1793,552.96,549.78
1794,551.98,548.8
1795,429.14,426.67
1796,649.98,714.63
1797,437.69,556.74
1798,320.06,407.12
1799,916.25,1165.5
1800,627.13,797.7
1801,326.04,414.72
1802,642.51,817.28
1803,602.43,766.28
1804,303.4,385.92
1805,476.8,606.49
1806,1161.8,1477.8
1807,998.99,1270.7
1808,549.52,699
1809,401.06,510.15
1810,313.1,398.26
1811,405.42,515.7
1812,460.31,585.52
1813,411.51,772.39
1814,430.86,907.99
1815,444.04,935.75
1816,229.79,484.25
1817,477.9,1007.1
1818,406,855.58
1819,223.2,470.35
1820,529.9,1116.7
1821,439.18,837.83
1822,196.15,249.5
1823,432.25,549.82
1824,333.37,424.05
1825,226.8,288.49
1826,523.87,666.37
1827,340.67,433.34
1828,205.76,261.73
1829,456.3,580.41
1830,348.41,443.18
1831,232.27,295.45
1832,384.5,489.08
1833,370.02,470.67
1834,194.17,246.99
1835,346.85,441.19
1836,358.42,455.92
1837,213.39,271.43
1838,479.52,609.96
1839,406.81,517.47
1840,248.54,316.14
1841,306.8,390.25
1842,374.41,476.25
1843,249.54,317.41
1844,253.06,321.9
1845,444.09,564.88
1846,301.5,383.51
1847,261.94,333.18
1848,402.39,511.84
1849,332,422.3
1850,346.24,440.41
1851,508.46,646.76
1852,352.26,448.08
1853,348.79,443.66
1854,367.91,467.98
1855,346.71,441.02
1856,300.27,381.95
1857,375.7,477.89
1858,330.29,420.13
1859,297.9,378.93
1860,355.05,451.62
1861,333.2,423.83
1862,321.51,408.96
1863,341.67,263
1864,308.49,115.05
1865,236.06,88.042
1866,363.24,135.47
1867,370.89,138.33
1868,226.15,84.345
1869,405.55,151.25
1870,642.99,239.81
1871,552.5,364.94
1872,996.6,1331.6
1873,1317.5,1760.3
1874,947.12,1265.5
1875,1485.7,1985.1
1876,985.08,1316.2
1877,889.87,1189
1878,1177.4,1573.1
1879,869.25,1161.4
1880,323.21,417.55
1881,467.49,594.64
1882,400.01,508.82
1883,202.07,257.04
1884,405.26,515.49
1885,376.94,479.46
1886,353.82,450.07
1887,411.94,523.98
1888,353.09,449.13
1889,229.79,292.29
1890,400.7,509.69
1891,364.96,464.23
1892,242.81,308.86
1893,401.29,510.44
1894,478.24,608.32
1895,251.22,319.56
1896,537.67,737.38
1897,509.06,884.95
1898,351.1,610.35
1899,314.7,547.07
1900,375.17,652.2
1901,258.37,449.16
1902,313.11,544.31
1903,522.09,907.6
1904,312.37,543.03
1905,331.86,444.89
1906,417.24,530.73
1907,301.14,383.05
1908,355.3,451.94
1909,466.84,593.82
1910,536.85,682.87
1911,397.66,505.83
1912,439.7,559.3
1913,536.6,682.56
1914,541.56,688.87
1915,517.09,657.74
1916,343.27,436.65
1917,353.37,449.49
1918,337.47,429.27
1919,287.61,365.84
1920,505.37,642.84
1921,420.62,535.03
1922,373.24,474.76
1923,291.65,370.98
1924,363.17,461.96
1925,308.36,392.24
1926,204.96,260.71
1927,371.15,472.1
1928,356.76,453.8
1929,203.25,258.53
1930,443.69,477.67
1931,392.05,389.79
1932,240.49,239.1
1933,568.43,565.15
1934,485.16,482.36
1935,301.09,299.36
1936,672.66,668.78
1937,597.39,593.94
1938,284.93,309.84
1939,451.45,574.24
1940,696.61,886.09
1941,188.44,239.69
1942,542.3,689.81
1943,383.52,487.84
1944,513.74,653.47
1945,537.32,683.48
1946,679.76,864.66
1947,596.28,608.29
1948,754.55,768.44
1949,993.75,1012
1950,686.68,699.32
1951,1106.7,1127.1
1952,873.4,889.48
1953,539.68,549.62
1954,725.16,738.51
1955,589.54,659.24
1956,276.81,352.11
1957,434.45,552.62
1958,410.54,522.2
1959,263.99,335.79
1960,324.91,413.29
1961,358.62,456.17
1962,282.86,359.8
1963,282.12,358.86
1964,323.12,411.01
1965,336.3,427.77
1966,254.9,324.23
1967,325.06,413.48
1968,366.19,465.79
1969,384.29,488.81
1970,356.95,454.04
1971,353.05,449.08
1972,158.2,116.46
1973,172.49,121.75
1974,174.91,123.46
1975,124.09,87.587
1976,175.97,124.2
1977,180.02,127.07
1978,123.84,87.406
1979,173.58,122.51
1980,287.04,310.38
1981,226.86,288.57
1982,382.69,486.78
1983,384.26,488.78
1984,315.92,401.86
1985,375.09,477.11
1986,407.94,518.9
1987,243.31,309.49
1988,1038.6,1710.1
1989,3515.4,6263
1990,2441.5,4349.8
1991,5116.5,9115.6
1992,5885.4,10485
1993,2415.8,4303.9
1994,5221.9,9303.3
1995,3696.1,6585
1996,2031.4,3619.1
1997,730.34,1121
1998,434.46,552.64
1999,289.87,368.72
2000,427.82,544.19
2001,352.57,448.48
2002,244.64,311.18
2003,332.72,423.23
2004,371.06,471.99
2005,256.65,326.46
2006,392.85,499.71
2007,372.5,473.82
2008,228.06,290.1
2009,316.19,402.19
2010,378.45,481.39
2011,297.2,378.04
2012,307,390.5
2013,334.66,425.69
2014,624.7,794.62
2015,419.57,533.7
2016,402.34,511.77
2017,475.96,605.42
2018,454.57,578.22
2019,412.34,524.49
2020,380.55,484.06
2021,295.79,376.24
2022,650.64,664.49
2023,516.82,513.84
2024,529.27,526.22
2025,389.94,387.69
2026,610.16,606.65
2027,391.17,388.92
2028,507.49,504.57
2029,617.68,614.12
2030,960.56,458.21
2031,1167.2,290.11
2032,1063.9,264.43
2033,768.5,191.01
2034,787.16,195.64
2035,1063,264.19
2036,856.63,212.91
2037,934.5,232.26
2038,1203.3,292.91
2039,725.83,143.36
2040,1532,302.58
2041,2143.2,423.3
2042,1650.6,326.02
2043,1424.4,281.34
2044,1897.4,374.75
2045,1102.9,217.84
2046,1679,331.63
2047,1152.2,1250.7
2048,429.83,574.31
2049,898.82,1200.9
2050,774.09,1034.3
2051,471.96,630.6
2052,750.5,1002.8
2053,855.86,1143.5
2054,566.45,756.85
2055,564.53,743.11
2056,333.37,424.05
2057,281.59,358.18
2058,391.21,497.62
2059,383.16,487.38
2060,333.51,424.23
2061,355.86,452.66
2062,555.49,706.58
2063,244.44,310.92
2064,377.45,480.12
2065,377.71,480.45
2066,633.19,805.41
2067,463.45,589.51
2068,403.1,512.74
2069,406.02,516.46
2070,345.9,439.98
2071,340.97,433.72
2072,480.55,611.26
2073,392.86,499.72
2074,756.9,962.78
2075,317.54,403.91
2076,358.97,456.62
2077,404.84,514.95
2078,437.41,556.39
2079,373.65,475.28
2080,389.37,495.28
2081,314.22,399.69
2082,484.61,616.43
2083,431.52,548.9
2084,375.86,478.1
2085,448.21,570.13
2086,384.55,489.15
2087,412.37,524.54
2088,553.16,703.62
2089,442.16,562.43
2090,524.22,666.81
2091,333.31,423.97
2092,1090.8,1387.4
2093,424.42,539.87
2094,337.07,428.76
2095,731.26,930.17
2096,1287.3,1637.4
2097,548.72,697.98
2098,349.24,444.23
2099,381.01,484.65
2100,397.61,505.76
2101,633.48,805.78
2102,544.67,692.83
2103,545.91,694.4
2104,436.95,555.8
2105,570.9,726.18
2106,606.86,771.93
2107,486.61,618.97
2108,284.49,361.87
2109,361.79,460.19
2110,310.16,394.53
2111,301.99,384.13
2112,382.25,486.22
2113,307.54,391.19
2114,528.29,671.98
2115,408.45,519.55
2116,451.35,574.12
2117,392.41,499.15
2118,413.09,525.45
2119,323.59,411.6
2120,301.9,384.02
2121,306.95,390.44
2122,496.99,632.17
2123,463.62,589.73
2124,553.6,704.18
2125,652.09,829.46
2126,506.45,644.2
2127,533.4,678.48
2128,670.73,853.16
2129,441.51,561.6
2130,837.95,1065.9
2131,637.39,810.76
2132,563.97,717.38
2133,414.51,527.26
2134,621.91,791.07
2135,679.86,864.79
2136,489.36,622.47
2137,487.11,619.61
2138,538.46,684.92
2139,1483.6,974.62
2140,2042.7,1299.4
2141,1565,995.56
2142,1814.4,1154.2
2143,1712.5,1089.4
2144,1400.4,890.85
2145,1042.9,663.44
2146,1705.4,1084.9
2147,598.57,489.48
2148,19.882,123.58
2149,24.163,150.19
2150,22.829,141.9
2151,16.487,102.48
2152,94.578,587.87
2153,32.651,202.95
2154,7.3971,45.979
2155,635.07,945.04
2156,1738,2210.7
2157,226.85,288.55
2158,1257.2,1599.1
2159,1095.8,1393.8
2160,342.59,435.77
2161,494.95,629.58
2162,822.38,1046.1
2163,753.05,957.88
2164,2625.5,535.65
2165,7699.6,1275.3
2166,5458,904.04
2167,6402,1060.4
2168,2974.3,492.65
2169,2420.1,400.86
2170,3273.1,542.15
2171,2154.5,356.87
2172,2236.1,1912.1
2173,2904.5,3879.4
2174,3479.9,4647.9
2175,2757.2,3682.7
2176,2722.9,3636.8
2177,2565.8,3427
2178,1378.7,1841.4
2179,1507.2,2013.2
2180,2562.4,3092.8
2181,4199.9,2674.1
2182,4558.3,2902.3
2183,6065.5,3862
2184,3155.4,2009.1
2185,5261.1,3349.9
2186,7280.9,4635.9
2187,4212.1,2681.9
2188,4575.4,2913.2
2189,1888.5,1401.1
2190,504.7,501.79
2191,662.4,658.58
2192,1976,1964.6
2193,703.1,699.05
2194,498.98,496.11
2195,711.05,706.96
2196,461.37,458.71
2197,542.07,625.22
2198,1327.4,1688.4
2199,977.44,1243.3
2200,374.04,475.78
2201,628.38,799.29
2202,381.85,485.71
2203,381.79,485.63
2204,498.01,633.47
2205,412.44,526.15
2206,455.54,608.67
2207,884.4,1181.7
2208,797.66,1065.8
2209,537.73,718.49
2210,1335.9,1785
2211,990.63,1323.6
2212,901.69,1204.8
2213,1737.5,2321.5
2214,511.7,556.13
2215,360.74,358.67
2216,596.22,592.78
2217,462.68,460.01
2218,216.46,215.21
2219,564.65,561.39
2220,447.18,444.61
2221,348.69,346.68
2222,1045.5,592.5
2223,1100.6,446.65
2224,719.19,291.86
2225,1357.5,550.92
2226,1311,532.05
2227,1591.6,645.89
2228,1427.3,579.22
2229,1692.1,686.71
2230,1392.8,570.59
2231,278.26,369.47
2232,365.16,484.85
2233,279.66,371.33
2234,355.64,472.21
2235,435.29,577.97
2236,741.4,984.41
2237,259.96,345.17
2238,565.5,750.87
2239,1259.7,1609.7
2240,477.06,606.82
2241,484.31,616.05
2242,334.05,424.91
2243,580.44,738.32
2244,1485.8,1890
2245,306.41,389.76
2246,808.2,1028
2247,216.02,274.78
2248,178.2,226.67
2249,524.39,667.02
2250,408.66,519.82
2251,338.27,430.29
2252,522.32,664.4
2253,566.71,720.86
2254,139.01,176.82
2255,431.82,549.28
2256,114.99,288.73
2257,497.95,1266.8
2258,211.82,538.88
2259,817.29,2079.2
2260,771.49,1962.7
2261,293.7,747.17
2262,1790.8,4555.8
2263,395.17,1005.3
2264,350.07,193.69
2265,754.5,187.53
2266,489.03,121.55
2267,578.78,143.85
2268,638.59,158.72
2269,366.56,91.107
2270,604.53,150.25
2271,373.34,92.792
2272,485.95,174.06
2273,233.11,231.77
2274,140.35,139.54
2275,355.65,353.6
2276,308.92,307.14
2277,357.68,355.62
2278,341.11,339.14
2279,735.12,730.89
2280,2899.1,2882.4
2281,308.5,306.72
2282,393.09,390.83
2283,153,152.12
2284,250.47,249.02
2285,427.91,425.44
2286,317.9,316.07
2287,291.73,290.05
2288,378.97,376.79
2289,1362,1384.8
2290,2284.3,2324.5
2291,2894.4,2945.3
2292,2273,2313
2293,4530.1,4609.9
2294,4626.1,4707.5
2295,3098.5,3153
2296,1903.1,1936.6
2297,1947.2,1738.6
2298,1103.7,123.25
2299,1285.3,143.52
2300,1555.9,173.75
2301,1030.9,115.12
2302,4304.1,480.63
2303,3918.3,437.55
2304,1743.5,194.7
2305,2846.9,317.91
2306,2756.6,1555.6
2307,4350,2769.7
2308,2876.9,1831.8
2309,3484,2218.3
2310,3632.9,2313.1
2311,2988.3,1902.7
2312,3456,2200.5
2313,6840.9,4355.7
2314,1349.4,1374.3
2315,220.77,1371.3
2316,271.45,1686
2317,260.24,1616.4
2318,424.14,2634.4
2319,349.19,2168.9
2320,146.64,910.79
2321,181.1,1124.8
2322,138.83,762.06
2323,112.71,286.74
2324,222.1,565.02
2325,224.64,571.48
2326,511.77,1302
2327,158.24,402.56
2328,357.82,910.31
2329,398.87,1014.7
2330,269.56,685.77
2331,121.72,158.89
2332,234.07,232.72
2333,226.02,224.72
2334,462.87,460.2
2335,272.83,271.26
2336,639.42,635.74
2337,468.15,465.45
2338,485.7,482.91
2339,263.88,235.74
2340,226.44,84.452
2341,283.21,105.63
2342,222.39,82.942
2343,293.01,109.28
2344,216.17,80.625
2345,177.87,66.34
2346,402.46,150.1
2347,281.46,112
2348,235.13,233.77
2349,278.57,276.96
2350,335.03,333.1
2351,378.11,375.93
2352,250.06,248.62
2353,416.4,414
2354,386.81,384.58
2355,369.27,367.14
2356,882.94,515.94
2357,793.99,395.72
2358,677.14,337.48
2359,972.82,484.85
2360,873.73,435.46
2361,859.39,428.32
2362,669.07,333.46
2363,622.55,310.27
2364,370.09,215.94
2365,600.91,458.8
2366,792.03,604.73
2367,735.47,561.55
2368,534.38,408.01
2369,544.97,416.09
2370,499.72,381.55
2371,564.25,430.82
2372,1142.4,975.04
2373,231.76,576.87
2374,169.64,422.23
2375,159.23,396.32
2376,322.63,803.05
2377,1147.9,2857.1
2378,503.35,1252.9
2379,201.25,500.91
2380,81.117,201.9
2381,974.98,646.54
2382,1350.4,687.07
2383,2141.5,1089.6
2384,825.19,419.86
2385,1142.3,581.18
2386,865.25,440.24
2387,884.5,450.03
2388,1378.9,701.6
2389,513.91,219.57
2390,577.36,161.06
2391,671.72,187.39
2392,837.41,233.61
2393,452.31,126.18
2394,347.75,97.01
2395,323.21,90.165
2396,433.45,120.92
2397,555.39,154.93
2398,768.45,195.6
2399,1470.2,374.02
2400,1123.3,285.77
2401,1402.6,356.81
2402,1988.3,505.81
2403,1190.4,302.83
2404,1180.8,300.4
2405,1075.1,273.5
2406,922.88,745.98
2407,995.94,1013.5
2408,1398.8,1423.4
2409,1206.1,1227.3
2410,1712.4,1742.6
2411,1603.4,1631.7
2412,2320.9,2361.7
2413,1251.4,1273.5
2414,2055.4,1654.7
2415,2297.5,1560.1
2416,1015.8,689.77
2417,599.61,407.15
2418,885.69,601.41
2419,1257.3,853.77
2420,1231.4,836.19
2421,834.87,566.9
2422,1434.4,974
2423,2268.9,1545.9
2424,970.25,661.23
2425,3031.8,2066.2
2426,1575.1,1073.4
2427,2290.2,1560.8
2428,3336.4,2273.8
2429,1936.6,1319.8
2430,1634.6,1114
2431,1008.4,755.75
2432,273.74,272.16
2433,354.01,351.97
2434,219.88,218.62
2435,330.3,328.4
2436,176.79,175.77
2437,236.67,235.31
2438,344.2,342.22
2439,175.19,174.18
2440,190.16,189.06
2441,185.8,184.73
2442,506.57,503.65
2443,382.75,380.55
2444,513.23,510.27
2445,704.07,700.01
2446,1586.9,1577.8
2447,837.28,832.45
2448,4172.8,2143.3
2449,4694.8,2388.7
2450,6546,3330.6
2451,7476.8,3804.2
2452,9895.3,5034.7
2453,3013.6,1533.3
2454,4533.3,2306.5
2455,3180.7,1618.3
2456,3013.5,2238.3
2457,2548.6,2593.5
2458,3224.1,3280.8
2459,1741.8,1772.4
2460,1813.8,1845.7
2461,900.81,916.67
2462,1431.9,1457.1
2463,1129.6,1149.5
2464,998.66,1014.5
2465,338.78,336.83
2466,345.12,343.14
2467,259.45,257.95
2468,371.26,369.12
2469,595.25,591.82
2470,342.8,340.82
2471,596.47,593.03
2472,676.96,673.05
2473,318.23,522.77
2474,233.44,396.16
2475,417.58,708.66
2476,338.09,573.77
2477,309.62,525.45
2478,297.71,505.24
2479,212.04,359.85
2480,205.76,349.2
2481,468.69,217.04
2482,1267.5,154.77
2483,652.52,79.676
2484,1003.7,122.56
2485,1403.5,171.38
2486,1090.6,133.16
2487,1230.9,150.29
2488,1494.4,182.47
2489,1060.3,145.82
2490,331.06,370.32
2491,205.21,229.54
2492,358.65,401.18
2493,257.18,287.68
2494,225.76,252.54
2495,362.24,405.2
2496,270.1,302.13
2497,315.63,353.06
2498,256.22,286.61
2499,274.71,307.28
2500,286.37,320.33
2501,309.74,346.47
2502,371.29,415.32
2503,903.42,1010.6
2504,609.83,682.14
2505,338.52,378.66
2506,1439,938.99
2507,1993.8,1014.5
2508,1793.1,912.34
2509,2224.4,1131.8
2510,3100.9,1577.8
2511,1517.5,772.1
2512,5964.8,3034.9
2513,3252.3,1654.7
2514,3072.3,1560.7
2515,626.53,233.67
2516,763.36,284.7
2517,499.55,186.31
2518,455.94,170.05
2519,363.16,135.45
2520,558.99,208.48
2521,419.91,156.61
2522,458.75,171.1
2523,332.77,284.18
2524,264.09,295.41
2525,403.84,451.73
2526,380.15,425.23
2527,530.33,593.22
2528,286.35,320.31
2529,205.79,230.19
2530,677.15,757.45
2531,422.05,353.01
2532,721.66,472.89
2533,932.46,611.03
2534,1052.9,689.93
2535,479.67,314.32
2536,761.18,498.79
2537,653.48,428.22
2538,614.07,402.39
2539,634.33,415.67
2540,269.47,167.44
2541,574.25,356.82
2542,315.1,195.79
2543,342.36,212.73
2544,569.41,353.81
2545,601.71,373.88
2546,326.12,202.64
2547,294.99,183.29
2548,1370.6,221.21
2549,1073.1,130.56
2550,1321.7,160.81
2551,1788.2,217.56
2552,1216.3,147.98
2553,1728.4,210.28
2554,1205.5,146.66
2555,2334.8,284.06
2556,1169.5,286.38
2557,1143.4,581.78
2558,1455.9,740.75
2559,1959.9,997.18
2560,1267.3,644.81
2561,1510.3,768.42
2562,1104.9,562.16
2563,1343.1,683.38
2564,1287.8,655.24
2565,366.17,1986.3
2566,252.16,1723.8
2567,280.5,1917.5
2568,336.39,2299.5
2569,260.99,1784.1
2570,356.36,2436.1
2571,352.91,2412.5
2572,327.66,2239.9
2573,137.21,580.35
2574,122.77,19.526
2575,116.08,18.462
2576,141.17,22.453
2577,246.51,39.206
2578,1216.3,193.45
2579,143.79,22.869
2580,174.18,27.701
2581,223.96,122.27
2582,203.87,228.04
2583,172.77,193.26
2584,247.91,277.31
2585,299.91,335.48
2586,170.04,190.2
2587,136.36,152.53
2588,189.61,212.09
2589,127.38,142.49
2590,605.81,677.65
2591,430.96,482.06
2592,326.06,364.72
2593,602.95,674.45
2594,870.43,973.64
2595,814.24,910.8
2596,502.57,562.17
2597,652.81,730.23
2598,924.66,782.27
2599,746.26,496.58
2600,1077.2,716.79
2601,331,220.26
2602,311.81,207.49
2603,236.93,157.66
2604,322.95,214.9
2605,314.93,209.56
2606,394.05,297.07
2607,389.41,431.37
2608,516.08,571.68
2609,421.27,466.66
2610,523.89,580.33
2611,616.5,682.92
2612,483.98,536.12
2613,592.43,656.26
2614,894.33,990.69
2615,980.21,1008.3
2616,3020.3,3073.4
2617,1878.4,1911.4
2618,2613.1,2659.1
2619,3219.9,3276.5
2620,1061.6,1080.3
2621,2083.6,2120.3
2622,1391.9,1416.4
2623,2888,2157.6
2624,3241.2,1649.1
2625,1874.1,953.52
2626,1830.3,931.23
2627,1340.9,682.27
2628,954.88,485.84
2629,802.5,408.31
2630,1234.3,628.02
2631,1027.1,594.47
2632,819.25,833.67
2633,833.69,848.36
2634,1046.8,1065.2
2635,1347.7,1371.4
2636,1186.8,1207.7
2637,931.06,947.45
2638,854.63,869.67
2639,1368.6,1392.6
2640,113.59,233.55
2641,141.19,690.37
2642,82.998,405.83
2643,117.14,572.75
2644,426.91,2087.4
2645,208.87,1021.3
2646,124.59,609.17
2647,150.68,736.74
2648,1333.1,1515.7
2649,2258.1,1437.8
2650,2298.3,1463.3
2651,3747.5,2386.1
2652,3300.1,2101.3
2653,4962.9,3160
2654,4416.5,2812.1
2655,2952.1,1879.7
2656,1652,1047.9
2657,723.89,312.77
2658,1197.3,517.31
2659,1160.9,501.6
2660,1425.3,615.84
2661,814.38,351.87
2662,720.95,311.5
2663,1250.2,540.17
2664,655.74,283.32
2665,261.77,186.64
2666,399.67,397.37
2667,332.82,330.9
2668,233.8,232.45
2669,610.79,607.27
2670,306.68,304.92
2671,728.66,724.46
2672,390.03,387.78
2673,259.28,337.37
2674,256.91,435.95
2675,199.58,338.67
2676,676.23,1147.5
2677,506.77,859.94
2678,437.54,742.47
2679,391.48,664.3
2680,171.58,291.16
2681,508.3,845.01
2682,464.19,384.8
2683,396.65,328.81
2684,762.79,632.34
2685,1060,878.69
2686,668.53,554.2
2687,909.56,754.01
2688,742.25,615.31
2689,513.78,425.91
2690,1288.7,345.24
2691,1713.2,189.04
2692,1259.4,138.97
2693,4299.1,474.38
2694,1893.3,208.92
2695,2734.5,301.74
2696,4191.9,462.56
2697,2365.8,261.06
2698,4755.3,1304
2699,1241.4,812.18
2700,2449.4,1602.5
2701,2717.3,1777.8
2702,1010,660.81
2703,1480.8,968.81
2704,1988.8,1301.1
2705,1742.7,1140.2
2706,1303.7,852.97
2707,1233.6,162.41
2708,2618.5,258.69
2709,3845.3,379.89
2710,5875.8,580.48
2711,3000,296.38
2712,6548.7,646.96
2713,2272.8,224.54
2714,6348.5,627.18
2715,1430.1,265.84
2716,2770.3,704.77
2717,1596,406.02
2718,1270.4,323.18
2719,1556.8,396.04
2720,1145,291.29
2721,957.31,243.54
2722,709.63,180.53
2723,2064.9,720.62
2724,523.47,360.4
2725,403.84,278.03
2726,228.17,157.09
2727,385.21,265.21
2728,379,260.93
2729,295.45,203.41
2730,268.54,184.88
2731,205.65,141.59
2732,1437.4,1449.6
2733,916.94,933.08
2734,2433.3,2476.1
2735,1286,1308.6
2736,1021.2,1039.2
2737,2501.8,2545.8
2738,6461.8,6575.5
2739,2433.6,2476.4
2740,5065.7,4606.7
2741,871,447.18
2742,534.59,274.46
2743,433.6,222.61
2744,744.33,382.14
2745,1165.8,598.53
2746,541.71,278.12
2747,404.29,207.56
2748,582.65,332.73
2749,661.45,702.21
2750,573.86,609.22
2751,503.96,535.02
2752,908.74,964.75
2753,686.78,729.11
2754,992.77,1054
2755,574.76,610.18
2756,625.5,664.06
2757,729.97,733.61
2758,355.28,353.23
2759,263.32,261.8
2760,337.75,335.81
2761,736.87,732.63
2762,407.79,405.44
2763,208.68,207.48
2764,172.01,171.02
2765,190.32,145.4
2766,198.46,135.45
2767,392.25,267.71
2768,562.07,383.61
2769,367.15,250.58
2770,490.78,334.96
2771,579.78,395.7
2772,477.21,325.7
2773,984.36,793.6
2774,266.33,451.94
2775,249.47,423.32
2776,445.13,755.35
2777,289.87,491.88
2778,353.77,600.32
2779,338.54,574.47
2780,409.17,694.32
2781,293.9,498.72
2782,172.89,133.35
2783,339.14,81.59
2784,157.95,38
2785,129.11,31.062
2786,329.48,79.266
2787,347.97,83.716
2788,231.94,55.8
2789,138.86,33.407
2790,560.39,449.71
2791,751.68,747.35
2792,848.13,843.25
2793,438.22,435.69
2794,345.73,343.74
2795,339.08,337.13
2796,488.19,485.37
2797,320.23,318.38
2798,300.56,298.83
2799,166.79,165.83
2800,192.74,191.62
2801,229.99,228.66
2802,226.16,224.86
2803,438.77,436.24
2804,728.28,724.09
2805,736.62,732.38
2806,151.48,150.61
2807,1558.5,394.97
2808,2563,631.23
2809,3037,747.98
2810,3727.2,917.94
2811,3313.8,816.14
2812,2254.3,555.2
2813,1702.7,419.36
2814,3041.9,749.17
2815,1442.4,589.87
2816,598.23,594.78
2817,172.52,171.53
2818,243.77,242.36
2819,146.05,145.21
2820,271.94,270.38
2821,164.79,163.84
2822,232.22,230.88
2823,153.83,149.04
2824,200.56,72.202
2825,358.53,129.07
2826,2473.9,890.6
2827,1248.5,449.45
2828,326.63,117.59
2829,329.72,118.7
2830,357,128.52
2831,543.03,195.49
2832,513.56,194.85
2833,78.344,49.843
2834,102.54,65.234
2835,65.048,41.384
2836,45.398,28.882
2837,53.439,33.998
2838,74.245,47.235
2839,55.826,35.517
2840,115.82,81.609
2841,324.65,256.91
2842,163.71,129.55
2843,436.6,345.51
2844,183.91,145.54
2845,309.32,244.78
2846,793.86,628.23
2847,150.86,119.38
2848,77.265,61.144
2849,117.31,44.741
2850,81.955,30.969
2851,65.46,24.736
2852,55.682,21.041
2853,57.675,21.794
2854,137.86,52.095
2855,100.96,38.151
2856,186.55,70.495
2857,224.84,234.31
2858,643.17,758.28
2859,433.38,510.94
2860,209.99,247.57
2861,321.1,378.56
2862,352.42,415.49
2863,351.34,414.21
2864,411.65,485.32
2865,300.15,350.32
2866,104.42,103.82
2867,123.46,122.75
2868,847.76,842.88
2869,136.43,135.64
2870,229.96,228.63
2871,170.57,169.59
2872,99.843,99.268
2873,312.67,310.86
2874,218.68,154.05
2875,152.71,102.6
2876,164.8,110.72
2877,229.38,154.1
2878,1091.7,733.43
2879,765.3,514.15
2880,463.55,311.43
2881,465.56,312.77
2882,1139.5,1575.9
2883,517,877.3
2884,721.15,1223.7
2885,490.86,832.94
2886,408.68,693.49
2887,349.8,593.58
2888,344.91,585.28
2889,242.78,411.97
2890,166.33,252.69
2891,187.42,186.34
2892,167.87,166.9
2893,206.26,205.07
2894,276.99,275.39
2895,806.82,802.17
2896,101.45,100.87
2897,105.19,104.58
2898,121.66,120.96
2899,125.68,124.95
2900,246.92,245.5
2901,149.67,148.81
2902,568.32,565.04
2903,143.5,142.67
2904,206.51,205.32
2905,244.52,243.11
2906,579.42,576.09
2907,207.78,211.3
2908,42.643,53.01
2909,48.491,60.28
2910,176.34,219.21
2911,283.13,351.97
2912,202.18,251.33
2913,287.57,357.48
2914,164.01,203.88
2915,71.174,81.025
2916,141.81,141
2917,128.52,127.78
2918,216.18,214.94
2919,177.49,176.47
2920,203.86,202.68
2921,153.06,152.18
2922,155.51,154.62
2923,122.76,122.05
2924,226.37,229.65
2925,289.78,294.88
2926,915.66,931.77
2927,293.94,299.11
2928,263.25,267.88
2929,692.41,704.59
2930,539.09,548.58
2931,298.53,303.79
2932,362.13,368.14
2933,66.647,66.327
2934,51.658,51.41
2935,142.12,141.44
2936,132.31,131.68
2937,74.32,73.963
2938,116.52,115.96
2939,223.53,222.46
2940,136.92,150.24
2941,243.01,604.87
2942,259.02,644.73
2943,78.99,196.61
2944,51.595,128.42
2945,179.69,447.25
2946,129.03,321.16
2947,224.04,557.65
2948,182.74,454.86
2949,373.36,286.19
2950,2507.7,1596.5
2951,1620.4,1031.6
2952,1080.2,687.69
2953,1360.5,866.15
2954,975,620.72
2955,669.06,425.95
2956,1115.6,710.21
2957,602.82,418.2
2958,179.04,137.58
2959,659.99,507.14
2960,249.94,192.05
2961,198.06,152.19
2962,313.16,240.64
2963,465.43,357.64
2964,509.48,391.49
2965,491.7,388.75
2966,378.47,941.74
2967,339.77,845.45
2968,268.09,667.09
2969,354.75,882.71
2970,301.36,749.86
2971,356.36,886.72
2972,369.95,920.52
2973,369.83,920.24
2974,114.28,226.38
2975,36.904,23.472
2976,24.514,15.592
2977,35.042,22.288
2978,94.529,60.125
2979,31.153,19.814
2980,49.187,31.285
2981,25.948,16.504
2982,51.378,17.983
2983,234.27,36.959
2984,278.47,43.932
2985,202.01,31.869
2986,420.66,66.364
2987,329.1,51.919
2988,106.38,16.782
2989,82.938,13.084
2990,83.013,13.096
2991,214.82,163.77
2992,152.69,116.52
2993,262.27,200.13
2994,139.07,106.12
2995,485.93,370.8
2996,258.5,197.25
2997,297.35,226.9
2998,293.09,223.65
2999,291.11,274.58
3000,308.48,306.7
3001,318.52,316.69
3002,208.86,207.65
3003,186.77,185.69
3004,80.068,79.607
3005,123.73,123.01
3006,137.41,136.62
3007,103.09,201.98
3008,0,133.38
3009,0,203.1
3010,0,156.77
3011,0,109.2
3012,0,215.99
3013,0,253.25
3014,0,191.98
3015,0,191.02
3016,118.49,207.35
3017,437.69,742.72
3018,236.12,400.68
3019,164.07,278.41
3020,228.18,387.2
3021,164.05,278.38
3022,825.16,1400.2
3023,721.83,1224.9
3024,607.74,1188.9
3025,1186.6,2405.5
3026,1079.7,2188.8
3027,838.88,1700.6
3028,727.53,1474.9
3029,818.72,1659.7
3030,569.97,1155.4
3031,545.09,1105
3032,572.23,1085.9
3033,324.87,434.07
3034,208.79,278.97
3035,193.82,258.97
3036,258.42,345.29
3037,267.92,357.97
3038,472.94,631.91
3039,265.32,354.5
3040,149.99,200.41
3041,136.94,67.442
3042,109.34,40.779
3043,83.2,31.03
3044,112.01,41.776
3045,400.59,149.4
3046,235.81,87.949
3047,620.03,231.24
3048,379.65,141.59
3049,602.68,317.6
3050,721.89,717.73
3051,334.33,332.4
3052,306.96,305.2
3053,194.91,193.78
3054,188.61,187.52
3055,258.37,256.88
3056,208.18,206.98
3057,584.95,281.23
3058,2158.9,531.71
3059,2447.7,602.83
3060,3127,770.12
3061,3812.8,939.04
3062,4267.3,1051
3063,2091.9,515.2
3064,3122.1,768.93
3065,2270.6,559.2
3066,896.76,935.18
3067,2190.3,4356
3068,453.13,901.17
3069,436.75,868.61
3070,1765.1,3510.4
3071,875.44,1741.1
3072,574,1141.6
3073,1942.6,3863.5
3074,804.22,861.18
3075,478.97,119.04
3076,444.5,110.48
3077,518.91,128.97
3078,309,76.8
3079,891.81,221.65
3080,1389.8,345.44
3081,627.13,155.87
3082,449.27,149.4
3083,453.45,450.84
3084,252.92,251.46
3085,222.85,221.57
3086,287.36,285.71
3087,196.39,195.26
3088,85.879,85.384
3089,145.78,144.94
3090,314.96,313.15
3091,634.51,174.4
3092,640.38,159.12
3093,661.88,164.46
3094,871.88,216.64
3095,872.13,216.71
3096,667.19,165.78
3097,1286.6,319.7
3098,2487.1,617.99
3099,1255.8,857.36
3100,562.2,1398.9
3101,186.84,464.9
3102,190.4,473.76
3103,621.49,1546.4
3104,227.3,565.58
3105,280.78,698.66
3106,613.4,1526.3
3107,524.79,1289.8
3108,727.39,502.65
3109,605.51,418.43
3110,468.91,324.03
3111,300.63,207.74
3112,222.01,153.42
3113,248.08,171.43
3114,325.85,225.17
3115,323.1,223.27
3116,116.61,59.388
3117,77.135,21.735
3118,401.73,113.2
3119,118.81,33.478
3120,69.555,19.599
3121,69.818,19.673
3122,138.18,38.937
3123,108.67,30.621
3124,73.158,38.788
3125,132.25,131.49
3126,377.57,375.39
3127,165.2,164.25
3128,160.7,159.77
3129,191.56,190.46
3130,301.34,299.6
3131,407.96,405.61
3132,226.26,224.83
3133,59.331,24.775
3134,116.35,48.585
3135,128.66,53.725
3136,87.884,36.698
3137,92.52,38.634
3138,80.537,33.63
3139,133.01,55.54
3140,91.015,38.005
3141,75.014,91.826
3142,167.42,284.13
3143,206.11,349.78
3144,211.8,359.45
3145,194.54,330.15
3146,459.33,779.53
3147,163.7,277.8
3148,497.76,844.74
3149,1414.6,1122.2
3150,2073.3,1030.7
3151,1490.6,741.02
3152,1923.9,956.4
3153,1793.4,891.55
3154,2883.9,1433.7
3155,1328.2,660.27
3156,1371.2,681.64
3157,1254,623.39
3158,327.09,291.18
3159,156.29,155.39
3160,248.08,246.65
3161,450.11,447.51
3162,282.83,281.2
3163,421.37,418.94
3164,438.94,436.41
3165,425.58,423.13
3166,1855.1,1724
3167,2004.3,1722.8
3168,830.57,713.91
3169,873.73,751.01
3170,1655.5,1422.9
3171,1926.5,1655.9
3172,968.86,832.78
3173,487.8,419.29
3174,671.7,576.63
3175,438.05,371.66
3176,717.59,608.84
3177,821.45,696.96
3178,582.06,493.85
3179,330.44,280.36
3180,534.93,453.87
3181,523.93,444.53
3182,348.58,295.76
3183,1006.2,646.27
3184,2719.3,1662.5
3185,2632.8,1609.6
3186,917.75,561.08
3187,936.5,572.54
3188,1019.2,623.09
3189,1316.8,805.05
3190,1022.4,625.04
3191,1008.2,492.81
3192,1515.3,331.48
3193,1058.9,231.63
3194,748.28,163.69
3195,503.63,110.17
3196,594.41,130.03
3197,381.19,83.386
3198,634.66,138.83
3199,432.16,248.56
3200,817.72,832.11
3201,925.63,941.92
3202,491.97,500.63
3203,318.34,323.95
3204,847.47,862.38
3205,925.81,942.11
3206,282.84,287.82
3207,279.88,284.8
3208,809.41,551.68
3209,2267.8,1437.2
3210,2708.9,1716.8
3211,1274.9,807.96
3212,1842,1167.4
3213,1963.6,1244.4
3214,776.5,492.11
3215,1443.9,915.07
3216,1105.8,717.24
3217,293.17,243.04
3218,167.7,139.02
3219,133.25,110.46
3220,328.04,271.95
3221,152.43,126.37
3222,429.4,355.98
3223,123.34,102.25
3224,382.14,305.08
3225,1466.9,1066
3226,3053.4,2218.8
3227,1392.3,1011.8
3228,1150.1,835.74
3229,952.57,692.22
3230,1022.8,743.29
3231,784.88,570.36
3232,996.59,724.21
3233,1321,1317.4
3234,1262.7,1284.9
3235,1362.6,1386.6
3236,2207.3,2246.2
3237,5754.9,5856.2
3238,1781.8,1813.2
3239,2900.1,2951.1
3240,1765.6,1796.6
3241,1294.8,1506.7
3242,200.57,498.55
3243,185.87,462.01
3244,564.16,1402.3
3245,410.57,1020.5
3246,401.12,997.04
3247,630.78,1567.9
3248,835.19,2075.9
3249,276.75,680.28
3250,50.231,31.949
3251,99.487,63.278
3252,114.79,73.01
3253,45.726,29.084
3254,58.687,37.328
3255,76.494,48.654
3256,54.026,34.363
3257,79.287,50.43
3258,145.28,71.388
3259,292.45,136.73
3260,466.22,217.97
3261,663.04,309.98
3262,531.61,248.54
3263,1848.1,864.01
3264,1512.9,707.29
3265,458.72,214.46
3266,585.82,762.81
3267,457.65,1553.3
3268,659.75,2239.3
3269,309.48,1050.4
3270,272.13,923.66
3271,375.68,1275.1
3272,250.08,848.81
3273,858.52,2914
3274,427.49,1412.7
3275,2240.9,1466.1
3276,919.84,601.8
3277,856.03,560.06
3278,1384.3,905.68
3279,1186,775.93
3280,1060.7,693.99
3281,799.93,523.36
3282,1707.1,1116.9
3283,988.05,1183.2
3284,434.66,1111.3
3285,389.32,995.38
3286,965.27,2467.9
3287,327.75,837.95
3288,2536,6483.8
3289,1867.3,4774.1
3290,965.2,2467.7
3291,846.21,1069.9
3292,1979.3,224.97
3293,4702.7,534.52
3294,3867.8,439.62
3295,2076,235.96
3296,1688,191.86
3297,2784.5,316.49
3298,2613.6,297.07
3299,1462.2,166.2
3300,1956.8,3834.3
3301,1391.8,2768
3302,2228.9,4432.8
3303,1957.9,3893.9
3304,3175.8,6315.9
3305,2416.2,4805.3
3306,2732.1,5433.5
3307,2343.1,4659.9
3308,682.34,2081.9
3309,258.57,1317.3
3310,784.88,3998.5
3311,628.21,3200.4
3312,554.39,2824.3
3313,490.02,2496.4
3314,827.69,4216.7
3315,1107.8,5643.6
3316,667.73,2677
3317,1025.9,637.45
3318,820.35,509.73
3319,1051.4,653.29
3320,779.78,484.52
3321,651.76,404.98
3322,488.84,303.74
3323,312.94,194.45
3324,347.75,216.08
3325,409.8,104.36
3326,317.98,66.93
3327,225.7,47.505
3328,301.52,63.465
3329,171.66,36.131
3330,464.91,97.855
3331,207.29,43.631
3332,306.3,64.471
3333,467.83,270.62
3334,1252.8,910.4
3335,2485.3,1806
3336,1145.4,832.36
3337,833.41,605.63
3338,551.42,400.71
3339,642.09,466.6
3340,2061.9,1498.4
3341,660.92,423.28
3342,747.19,285.25
3343,1010.7,385.84
3344,929.75,354.94
3345,611.75,233.54
3346,1218.4,465.15
3347,879.88,335.9
3348,895.69,341.94
3349,2977.6,1136.7
3350,317.77,254.35
3351,578.03,574.7
3352,275.69,274.1
3353,329.86,327.96
3354,213.03,211.8
3355,135.14,134.37
3356,479.19,476.43
3357,237.61,236.24
3358,6504.9,2209.7
3359,15405,4904.3
3360,21570,6866.9
3361,21123,6724.6
3362,14229,4529.8
3363,3699.5,1177.8
3364,9601.8,3056.8
3365,5656.3,1800.7
3366,1720.3,562.78
3367,2519.3,1281.8
3368,2354.4,1197.9
3369,2178.1,1108.2
3370,4022.5,2046.6
3371,1430.1,727.62
3372,1274.6,648.53
3373,689.44,350.79
3374,1092.9,556.09
3375,670.95,345.31
3376,486.65,250.92
3377,523.85,270.1
3378,981.55,506.09
3379,512.58,264.29
3380,928.27,478.62
3381,775.56,399.88
3382,1629.6,840.24
3383,346.35,278.65
3384,487.08,484.27
3385,373.15,371
3386,488.94,486.12
3387,435.39,432.88
3388,247.59,246.17
3389,237.13,235.76
3390,778.95,774.47
3391,708.15,927.78
3392,384.14,1466.8
3393,443.99,1695.3
3394,311.14,1188
3395,285.84,1091.4
3396,396.99,1515.9
3397,326.24,1245.7
3398,206.36,787.97
3399,175.46,669.99
3400,209.29,500.19
3401,225.86,43.492
3402,265.41,51.108
3403,264.16,50.867
3404,432.91,83.362
3405,628.05,120.94
3406,353.94,68.154
3407,246.07,47.384
3408,1438.2,655.32
3409,1020.6,519.26
3410,1889.8,961.5
3411,1527.3,777.06
3412,544.06,276.82
3413,1532,779.48
3414,1760.3,895.65
3415,1327.3,675.3
3416,1832.8,1015.7
3417,1550,3381.3
3418,634.52,1384.2
3419,1842.6,4019.6
3420,1042.1,2273.4
3421,463.68,1011.5
3422,807.11,1760.7
3423,630.23,1374.8
3424,422.68,922.05
3425,592.1,1036.5
3426,369.97,153.34
3427,260.35,107.91
3428,962.99,399.12
3429,278.91,115.6
3430,717.29,297.29
3431,435.5,180.5
3432,289.08,119.81
3433,968.64,824.9
3434,1601.8,1629.9
3435,1411.4,1436.2
3436,1860.9,1893.7
3437,1316.1,1339.3
3438,1206.6,1227.8
3439,1010.9,1028.7
3440,1697.6,1727.4
3441,1174.9,1195.6
3442,254.22,84.828
3443,82.111,24.51
3444,215.59,64.354
3445,108.84,32.488
3446,221.19,66.025
3447,199.53,59.559
3448,194.34,58.011
3449,160.99,48.054
3450,384.38,114.68
3451,1046.2,312.12
3452,563.19,168.02
3453,915.88,273.24
3454,790.88,235.95
3455,809.5,241.5
3456,1190.1,355.06
3457,2266.6,676.21
3458,1630.8,464.62
3459,1956.5,497.73
3460,4337.3,1103.4
3461,1959,498.37
3462,2669.1,679.03
3463,1521.9,387.18
3464,2989.4,760.5
3465,3813.4,970.14
3466,2278.2,579.57
3467,994.22,1248.3
3468,846.46,1131
3469,638.62,853.28
3470,5028.8,6719.1
3471,1308.9,1748.9
3472,313.92,419.45
3473,398.72,532.74
3474,1170.7,1564.2
3475,386.69,543.02
3476,697.05,1013.1
3477,1136.9,1652.4
3478,1030.5,1497.7
3479,1334.7,1939.8
3480,1230.3,1788.1
3481,1573,2286.2
3482,2608,3790.4
3483,1079.7,1936.8
3484,200.51,2554.2
3485,132.61,1689.3
3486,65.841,838.72
3487,153.77,1958.8
3488,141.19,1798.6
3489,84.067,1070.9
3490,100.54,1280.7
3491,79.043,1006.9
3492,931.02,568.68
3493,1253.8,637.91
3494,1838.9,935.62
3495,1899.6,966.5
3496,1857.9,945.29
3497,1005.6,511.66
3498,844.31,429.59
3499,1212.8,617.05
3500,1057,667.42
3501,42.618,162.75
3502,78.594,300.13
3503,104.29,398.27
3504,97.444,372.12
3505,120.81,461.33
3506,151.9,580.06
3507,64.992,248.19
3508,237.71,431.17
3509,398.63,148.73
3510,722.19,269.46
3511,2149.2,801.9
3512,2941.8,1097.6
3513,1836.1,685.07
3514,2111.4,787.82
3515,676.5,252.42
3516,1851.6,690.88
3517,3985.3,2459
3518,1708.4,1087.7
3519,649.75,413.66
3520,4533,2885.9
3521,4125.4,2626.4
3522,4941,3145.6
3523,1730.2,1101.5
3524,1365.6,869.37
3525,2133.2,1444.6
3526,578.25,574.92
3527,190.95,189.85
3528,1061.2,1055.1
3529,619.85,616.28
3530,333.99,332.06
3531,457.57,454.94
3532,327.25,325.37
3533,352.91,293.06
3534,473.56,240.95
3535,567.09,288.54
3536,739.53,376.27
3537,441.19,224.48
3538,437.97,222.84
3539,345.59,175.84
3540,1604.6,816.42
3541,1891.3,962.27
3542,401.25,213.72
3543,14.714,18.305
3544,7.3115,9.0963
3545,8.1423,10.13
3546,14.123,17.571
3547,48.554,60.406
3548,16.534,20.57
3549,20.43,25.418
3550,58.68,23.356
3551,401.77,111.59
3552,707.25,196.44
3553,183.77,51.042
3554,456.77,126.87
3555,399.88,111.07
3556,655.82,182.16
3557,331.44,92.058
3558,1211.4,285.58
3559,2822.7,489.95
3560,1844.6,320.19
3561,668.19,115.98
3562,1269.9,220.42
3563,522.07,90.62
3564,501.87,87.113
3565,1880.7,326.45
3566,4141.5,718.88
3567,1222.5,685.75
3568,991.94,628.65
3569,989.06,626.83
3570,909.06,576.13
3571,762.75,483.4
3572,1279.4,810.86
3573,1196.6,758.33
3574,2246.9,1424
3575,2017.3,1270.8
3576,228.17,85.1
3577,374.04,139.5
3578,397.96,148.42
3579,246.36,91.883
3580,168.3,62.769
3581,111.14,41.45
3582,422.24,157.48
3583,283.1,105.58
3584,2806.6,2856
3585,1821.3,1853.3
3586,1432.2,1457.4
3587,819.63,834.05
3588,1677.5,1707
3589,978.63,995.85
3590,4179.5,4253.1
3591,747.19,760.34
3592,1397.3,1516.1
3593,317.01,393.86
3594,357.41,444.05
3595,248.1,308.24
3596,464.31,576.86
3597,173.24,215.23
3598,1081.3,1343.4
3599,571.16,709.61
3600,492.36,629.4
3601,608.86,813.51
3602,593.81,793.41
3603,623.05,832.48
3604,954.87,1275.8
3605,547.48,731.51
3606,1345.4,1797.7
3607,1160.3,1550.4
3608,901.54,1204.6
3609,575.67,769.17
3610,533.71,713.11
3611,662.04,884.57
3612,919.78,1229
3613,664.51,887.87
3614,419.28,560.22
3615,583.67,779.86
3616,230.63,308.16
3617,501.71,183.06
3618,445.04,85.068
3619,285.42,54.557
3620,382.94,73.198
3621,216.49,41.381
3622,1620.6,309.77
3623,447.91,85.616
3624,1273.9,243.5
3625,344.61,70.281
3626,154.36,43.744
3627,256.43,72.667
3628,268.27,76.023
3629,115.02,32.595
3630,235.48,66.731
3631,99.133,28.093
3632,482.9,136.84
3633,653.71,185.25
3634,757.47,844.7
3635,561.96,698.58
3636,427.41,531.32
3637,199.29,247.74
3638,214.77,266.98
3639,96.694,120.2
3640,145.32,180.65
3641,268.01,333.17
3642,467.03,166.99
3643,1256.6,106.85
3644,2050.8,174.37
3645,2466.7,209.74
3646,2100.5,178.6
3647,2425.1,206.2
3648,1236.7,105.16
3649,907.03,77.123
3650,2206.3,333.14
3651,4667.3,1980.9
3652,1498.3,635.92
3653,904.03,383.69
3654,2209.7,937.85
3655,1349.5,572.78
3656,2091.4,887.64
3657,1375.6,583.84
3658,2211.9,938.81
3659,1154.7,539.3
3660,739.53,354.36
3661,433.71,207.82
3662,490.46,235.02
3663,364.35,174.59
3664,447.26,214.31
3665,472.28,226.3
3666,324.52,155.5
3667,589.37,400.29
3668,331.76,331.02
3669,277.5,276.89
3670,1407.8,1404.7
3671,950.15,948.05
3672,585.58,584.28
3673,474.52,473.47
3674,707.72,706.15
3675,983.72,1036.6
3676,394.2,563.4
3677,1442.8,2062
3678,383.95,548.74
3679,955.57,1365.7
3680,629.99,900.39
3681,368.39,526.51
3682,410.4,586.55
3683,479.98,685.99
3684,213.77,233.63
3685,222.24,220.96
3686,253.87,252.41
3687,204.76,203.58
3688,221.51,220.23
3689,163.39,162.44
3690,153.44,152.55
3691,481.44,478.67
3692,634.73,641.98
3693,859.31,874.44
3694,2090.5,2127.3
3695,1571.3,1598.9
3696,3741.8,3807.6
3697,1741.8,1772.4
3698,1274.4,1296.8
3699,1143.8,1163.9
3700,1033.3,1054.3
3701,965.18,1024.7
3702,924.03,980.98
3703,1108.2,1176.6
3704,956.49,1015.4
3705,1428.7,1516.7
3706,710.21,753.98
3707,1159.3,1230.7
3708,1199.9,1273.9
3709,678.88,695.38
3710,1706.8,1738.2
3711,650.04,662.01
3712,702.34,715.27
3713,1592.2,1621.5
3714,1998.2,2035
3715,511.25,520.66
3716,469.71,478.36
3717,813.9,545.04
3718,1252.5,75.562
3719,1014.7,61.214
3720,1705.2,102.87
3721,1224.8,73.894
3722,1729.6,104.35
3723,2419.3,145.96
3724,1246.8,75.219
3725,1069.9,67.851
3726,168.31,66.997
3727,131.11,52.187
3728,168.57,67.099
3729,301.06,119.84
3730,168.71,67.154
3731,193.7,77.102
3732,267.28,106.39
3733,490.82,195.37
3734,824.75,101.85
3735,1636.4,162.81
3736,1770.7,176.16
3737,1143.6,113.77
3738,510.56,50.795
3739,617.09,61.393
3740,641.66,63.837
3741,528.06,52.536
3742,2396.1,815.6
3743,1646.7,2033.9
3744,1962.8,2424.3
3745,1179.1,1456.3
3746,2205.1,2723.5
3747,1308.2,1615.8
3748,1421.5,1755.7
3749,1390.6,1717.5
3750,1280.9,1582.1
3751,704.61,5123.6
3752,1250.4,10831
3753,915.69,7931.7
3754,512.18,4436.5
3755,523.19,4531.9
3756,634.11,5492.6
3757,499.54,4327
3758,493.84,4277.6
3759,1846.1,1265.5
3760,2042.2,567.54
3761,2342.2,650.89
3762,1933.1,537.21
3763,3986.4,1107.8
3764,5080.4,1411.8
3765,1598,444.09
3766,3384.3,940.5
3767,1008.6,719.37
3768,379.04,1867.2
3769,168.54,830.26
3770,301.25,1484
3771,129.28,636.86
3772,336.05,1655.5
3773,125.4,617.72
3774,101.65,500.74
3775,544.67,2683.1
3776,239.3,232.55
3777,196.31,133.28
3778,151.33,102.75
3779,94.095,63.885
3780,96.207,65.318
3781,53.67,36.439
3782,101.64,69.009
3783,73.227,49.716
3784,265.25,251
3785,295.2,293.5
3786,178.13,177.1
3787,265.63,264.1
3788,152.48,151.6
3789,161.57,160.64
3790,175.99,174.98
3791,158.17,157.26
3792,215.87,138.85
3793,825.58,229.43
3794,798.51,221.9
3795,484.2,134.56
3796,1297.8,360.67
3797,553.48,153.81
3798,427.09,118.69
3799,2829.1,786.19
3800,1348.1,374.63
3801,267.53,94.272
3802,141.29,89.868
3803,50.806,32.315
3804,93.817,59.672
3805,60.284,38.343
3806,83.848,53.331
3807,142.58,90.687
3808,30.631,19.483
3809,55.315,187.89
3810,64.637,267.82
3811,118.3,490.18
3812,169.48,702.21
3813,58.781,243.56
3814,106.61,441.73
3815,58.022,240.41
3816,315.74,1308.2
3817,117.82,448.86
3818,637.59,633.92
3819,419.99,417.57
3820,1714.4,1704.5
3821,189.06,187.98
3822,576.74,573.41
3823,376.66,374.49
3824,334.25,332.33
3825,171.02,170.04
3826,259.16,183.44
3827,176.58,84.698
3828,70.446,33.79
3829,82.663,39.651
3830,68.412,32.815
3831,63.419,30.42
3832,69.059,33.125
3833,378.94,181.76
3834,1247.8,762.23
3835,2266.9,1436.7
3836,946.81,600.05
3837,1447.6,917.41
3838,3191.4,2022.6
3839,826.63,523.88
3840,476.88,302.22
3841,1820.5,1153.8
3842,2812.8,1779.8
3843,235.26,58.534
3844,121.52,30.233
3845,178.77,44.478
3846,103.5,25.751
3847,182.86,45.496
3848,194.51,48.394
3849,158.02,39.315
3850,138.11,34.361
3851,183.47,132.51
3852,151.9,151.03
3853,205.64,204.45
3854,212.32,211.1
3855,220.62,219.35
3856,257.54,256.06
3857,184.43,183.36
3858,85.301,84.809
3859,154.47,153.58
3860,173.24,172.24
3861,149,148.14
3862,265.04,263.51
3863,209.29,208.09
3864,396.84,394.56
3865,490.39,487.56
3866,338.69,336.74
3867,217.84,209.65
3868,1293.7,359.52
3869,941.67,261.69
3870,1419.2,394.4
3871,835.62,232.22
3872,1621.4,450.59
3873,1699.6,472.32
3874,1373.8,381.79
3875,2039.7,566.83
3876,518.54,129.43
3877,335.26,67.938
3878,335.62,68.011
3879,133.39,27.03
3880,296.14,60.009
3881,562.32,113.95
3882,252.81,51.23
3883,177.89,36.047
3884,431.3,106.95
3885,993.42,276.07
3886,3509.7,975.34
3887,1763.6,490.11
3888,1746.1,485.24
3889,2094.5,582.05
3890,3865.7,1074.3
3891,4071.4,1131.4
3892,4265,1185.3
3893,1991.5,553.44
3894,981.74,272.82
3895,1637.6,455.1
3896,1999.1,555.54
3897,1488.2,413.57
3898,1274.6,354.21
3899,916.24,254.62
3900,1747.3,485.56
3901,1130.7,314.23
3902,1057.1,293.76
3903,995.9,276.76
3904,1535.4,426.69
3905,1243.6,345.6
3906,1138,316.26
3907,1673.5,465.07
3908,1481.3,411.66
3909,2264.7,629.36
3910,1368.1,380.19
3911,1186.9,329.84
3912,2637.9,733.08
3913,5500,1528.5
3914,1694.5,470.89
3915,1935.6,537.91
3916,2045.3,568.4
3917,1306.5,363.07
3918,759.18,831.79
3919,1305.9,1479.3
3920,1963.8,2224.6
3921,1080.9,1224.4
3922,1886.8,2137.4
3923,1283.1,1453.5
3924,677.44,767.4
3925,572.75,648.81
3926,370.45,406.77
3927,470.35,467.64
3928,879.11,874.04
3929,196.89,195.76
3930,219.87,218.6
3931,149.87,149.01
3932,172.49,171.5
3933,119.63,118.94
3934,180.24,173.48
3935,163.42,103.97
3936,119.46,75.998
3937,83.948,53.408
3938,124,78.892
3939,84.286,53.623
3940,120.44,76.622
3941,65.179,41.467
3942,79.887,50.824
3943,322.37,106.64
3944,203,44.136
3945,297.36,64.652
3946,302.67,65.805
3947,194.03,42.186
3948,419.43,91.192
3949,375.98,81.745
3950,384.49,83.594
3951,588.01,610.82
3952,489.19,549.38
3953,1176.9,1321.7
3954,1093.3,1227.8
3955,2396.6,2691.4
3956,627.94,705.2
3957,1617.4,1816.4
3958,1765.8,1983.1
3959,1152.3,1294
3960,243.8,272.71
3961,258.07,288.67
3962,387.5,433.45
3963,184.47,206.34
3964,380.18,425.27
3965,227.52,254.5
3966,166.75,186.52
3967,345.92,386.94
3968,1559.8,745.17
3969,1517.6,703.48
3970,2211.3,1025
3971,1821.5,844.39
3972,1511.2,700.52
3973,1736.4,804.92
3974,2149.3,996.33
3975,3486.5,1616.2
3976,696.13,359.53
3977,172.96,193.47
3978,119.59,133.77
3979,293.47,328.27
3980,492.75,551.19
3981,489.63,547.7
3982,505.98,565.98
3983,298.14,333.49
3984,306.6,238.32
3985,1982,550.79
3986,1846.7,513.2
3987,1180.9,328.16
3988,1167.3,324.39
3989,1875.3,521.14
3990,841.67,233.9
3991,818.37,227.42
3992,805.38,223.81
3993,1162,815.31
3994,5335.7,5034.1
3995,1784.1,1683.2
3996,337.64,318.56
3997,306.86,289.52
3998,410.64,387.43
3999,432.22,407.79
4000,448.13,422.8
4001,144.82,222.06
4002,33.774,630.6
4003,19.03,355.3
4004,12.784,238.68
4005,38.233,713.85
4006,17.364,324.19
4007,21.559,402.53
4008,30.047,561.01
4009,85.697,493.19
4010,1704.9,1085.5
4011,1287.5,819.78
4012,1636.8,1042.2
4013,2802.3,1784.2
4014,1872.9,1192.5
4015,4135.1,2632.9
4016,1123,715.04
4017,1355.8,863.23
4018,517.39,152.06
4019,411.34,41.163
4020,1008.1,100.88
4021,425.39,42.568
4022,472.78,47.311
4023,394.45,39.472
4024,357.48,35.772
4025,672.55,67.301
4026,843.82,301.52
4027,620.43,282.14
4028,704.84,320.53
4029,189.09,85.988
4030,1392.4,633.18
4031,662.22,301.15
4032,838.7,381.4
4033,1042.5,474.1
4034,1474.7,670.61
4035,821.77,730.34
4036,591.24,602.12
4037,934.2,951.4
4038,434.08,442.07
4039,520.29,529.87
4040,680.48,693
4041,310.45,316.17
4042,600.61,611.67
4043,341.91,396.32
4044,234.56,313.4
4045,656.94,877.76
4046,1232.2,1646.4
4047,931.33,1244.4
4048,495.28,661.76
4049,424.98,567.83
4050,381.32,509.5
4051,526.32,881.41
4052,545.6,1190.2
4053,2341.4,5107.6
4054,1249,2724.7
4055,1295.3,2825.7
4056,927.67,2023.7
4057,2735.9,5968.2
4058,1741.7,3799.5
4059,1389,3030.1
4060,634.77,328.65
4061,1056.3,427.88
4062,1103.9,447.18
4063,1107.5,448.63
4064,463.53,187.77
4065,369.29,149.59
4066,758.62,307.31
4067,664.81,269.31
4068,745.98,128.86
4069,2331.5,332.82
4070,583.38,83.276
4071,2234.6,318.99
4072,1070.9,152.87
4073,1143.3,163.21
4074,1456.9,207.97
4075,842.35,120.24
4076,2754.6,392.71
4077,114.64,14.214
4078,675.15,83.716
4079,625.48,77.557
4080,1074.7,133.25
4081,1286.7,159.55
4082,831.04,103.05
4083,559,69.313
4084,570.02,70.68
4085,193.04,149.32
4086,91.767,91.239
4087,225.27,223.97
4088,334.81,332.89
4089,133.36,132.6
4090,362.29,360.2
4091,250.01,248.57
4092,794.03,789.45
4093,184.85,183.78
4094,553.53,550.34
4095,193.28,192.17
4096,121.26,120.56
4097,318.15,316.32
4098,293.77,292.07
4099,813.91,809.22
4100,725.74,721.55
4101,1154,928.26
4102,2001.5,869.5
4103,2006.8,871.8
4104,2498,1085.2
4105,3339.9,1450.9
4106,3327.6,1445.5
4107,2448.5,1063.7
4108,1600.9,695.46
4109,3184.9,1383.5
4110,684.16,269.57
4111,583.24,217.52
4112,610.49,227.69
4113,434.41,162.02
4114,412.4,153.81
4115,474.32,176.9
4116,520.45,194.11
4117,570.15,212.64
4118,1439.6,3252.7
4119,2749.1,7002.4
4120,1101.5,2805.7
4121,450.75,1148.2
4122,289.44,737.26
4123,1683.1,4287.1
4124,3811.2,9707.9
4125,724.44,1845.3
4126,490.42,1244.7
4127,103.73,209.59
4128,190.67,385.25
4129,1758.3,3552.6
4130,1357.4,2742.7
4131,162.56,328.44
4132,2170.5,4385.4
4133,1375.9,2780
4134,265.63,536.71
4135,1565.5,570.2
4136,1298.1,330.24
4137,1722.9,438.3
4138,1790.8,455.57
4139,8503.3,2163.2
4140,2094.4,532.81
4141,4313.8,1097.4
4142,1049.1,266.9
4143,748.69,217.22
4144,511,219.61
4145,418.06,179.67
4146,925,397.53
4147,1756.6,754.9
4148,4907.6,2109.1
4149,862.25,370.56
4150,1563.6,671.96
4151,1055.8,462.01
4152,1731,880.73
4153,1328.2,675.78
4154,1569.3,798.43
4155,706.44,359.44
4156,430.94,219.26
4157,1034.1,526.16
4158,1952.9,993.65
4159,10293,5237.1
4160,1382.1,5975.1
4161,785.48,10664
4162,740.57,10055
4163,421.35,5720.6
4164,180.15,2445.8
4165,225.03,3055.2
4166,314.11,4264.6
4167,162.36,2204.2
4168,204.2,671.63
4169,619.94,76.796
4170,353.96,43.847
4171,1112,137.75
4172,1006.2,124.64
4173,288.25,35.708
4174,1939.6,240.27
4175,1932.3,239.36
4176,1760,218.03
